Date,Home Team,Home Score,Away Team,Away Score
2021-08-27,Neelyville,16,Alton,1
2021-08-27,St. Clair,13,Alton,0
2021-08-27,Joplin,12,Aurora,1
2021-08-27,Carl Junction,8,Aurora,9
2021-08-27,St. Teresa's Academy,10,Belton,9
2021-08-27,Liberty,12,Belton,0
2021-08-27,Lafayette (St. Joseph),4,Belton,3
2021-08-27,Lathrop,1,Benton,2
2021-08-27,Richmond,7,Benton,2
2021-08-27,Kelly,1,Blue Springs South,6
2021-08-27,Ft. Zumwalt North,0,Blue Springs South,15
2021-08-27,Eldon,3,Bolivar,8
2021-08-27,Hickman,1,Bowling Green,2
2021-08-27,Troy Buchanan,7,Bowling Green,0
2021-08-27,Savannah,4,California,3
2021-08-27,Cassville,2,Camdenton,12
2021-08-27,Republic,7,Camdenton,10
2021-08-27,DeKalb,1,Cameron,8
2021-08-27,Maysville,5,Cameron,1
2021-08-27,Joplin,15,Carl Junction,2
2021-08-27,Oakville,5,Carthage,0
2021-08-27,Cor Jesu Academy,2,Carthage,14
2021-08-27,Walnut Grove,2,Cassville,3
2021-08-27,Wheatland,11,Central (Springfield),0
2021-08-27,Lawson,5,Central (St. Joseph),7
2021-08-27,Trenton,0,Central (St. Joseph),12
2021-08-27,Maysville,7,Central (St. Joseph),4
2021-08-27,St. Charles,3,Centralia,18
2021-08-27,Kearney,13,Centralia,5
2021-08-27,Lafayette (St. Joseph),2,Centralia,4
2021-08-27,Pleasant Hill,3,Chillicothe,6
2021-08-27,Grain Valley,7,Chillicothe,1
2021-08-27,Slater,16,Community,14
2021-08-27,Silex,21,Cuba,7
2021-08-27,Hermitage,11,Dadeville,8
2021-08-27,Maysville,10,DeKalb,9
2021-08-27,Logan-Rogersville,15,DeSoto,1
2021-08-27,Northwest (Cedar Hill),14,DeSoto,1
2021-08-27,Pacific,15,DeSoto,0
2021-08-27,Van Buren,6,Doniphan,10
2021-08-27,Bolivar,2,Eureka,10
2021-08-27,Hillsboro,2,Eureka,9
2021-08-27,Eldon,1,Eureka,8
2021-08-27,Mid-Buchanan,1,Excelsior Springs,5
2021-08-27,Humansville,10,Fair Play,14
2021-08-27,Naylor,6,Farmington,9
2021-08-27,Fox,5,Farmington,3
2021-08-27,Helias Catholic,11,Father Tolton,0
2021-08-27,Mexico,3,Fatima,13
2021-08-27,Naylor,3,Fox,13
2021-08-27,St. Joseph's Academy,2,Francis Howell,8
2021-08-27,Perryville,3,Francis Howell,4
2021-08-27,Winfield,0,Francis Howell Central,3
2021-08-27,St. Dominic,4,Francis Howell Central,5
2021-08-27,Kelly,10,Ft. Zumwalt North,3
2021-08-27,Palmyra,6,Ft. Zumwalt South,1
2021-08-27,Hickman,3,Ft. Zumwalt South,8
2021-08-27,Francis Howell Central,7,Ft. Zumwalt South,5
2021-08-27,Liberty (Wentzville),1,Fulton,13
2021-08-27,Palmyra,1,Fulton,12
2021-08-27,Willard,3,Glendale,2
2021-08-27,Pleasant Hill,0,Grain Valley,16
2021-08-27,Van Buren,0,Greenville,10
2021-08-27,Troy Buchanan,12,Hannibal,0
2021-08-27,Lee's Summit,14,Harrisonville,2
2021-08-27,Platte County,6,Harrisonville,4
2021-08-27,Marion C. Early,9,Hartville,6
2021-08-27,Summit Christian Academy,3,Hartville,16
2021-08-27,Ritenour,14,Hazelwood West,3
2021-08-27,University City,1,Hazelwood West,15
2021-08-27,St. Dominic,13,Highland,2
2021-08-27,Branson,12,Hillcrest,0
2021-08-27,Bolivar,0,Hillsboro,13
2021-08-27,Eldon,1,Hillsboro,9
2021-08-27,Lee's Summit West,4,Holden,2
2021-08-27,Raytown,1,Holden,16
2021-08-27,Rock Bridge,8,Incarnate Word Academy,2
2021-08-27,Capital City,3,Jackson,1
2021-08-27,Windsor (Imperial),4,Jackson,2
2021-08-27,Owensville,0,Jackson,4
2021-08-27,Worth County,2,Jamestown,12
2021-08-27,Nixa,13,Kickapoo,5
2021-08-27,Liberty,11,Lafayette (St. Joseph),2
2021-08-27,Liberty North,2,Lafayette (Wildwood),1
2021-08-27,Ursuline Academy,5,Lafayette (Wildwood),14
2021-08-27,Richmond,3,Lathrop,6
2021-08-27,Trenton,2,Lawson,12
2021-08-27,Summit Christian Academy,2,Lebanon,15
2021-08-27,Marion C. Early,6,Lebanon,5
2021-08-27,Platte County,4,Lee's Summit,7
2021-08-27,Oak Park,1,Lee's Summit North,9
2021-08-27,Odessa,0,Lee's Summit North,18
2021-08-27,Raytown,0,Lee's Summit West,15
2021-08-27,Sherwood,7,Leeton,1
2021-08-27,Northwest (Cedar Hill),1,Logan-Rogersville,17
2021-08-27,Pacific,2,Logan-Rogersville,4
2021-08-27,Mehlville,2,Lutheran South,0
2021-08-27,Canton,12,Mark Twain,1
2021-08-27,Humansville,3,Montrose,16
2021-08-27,West Plains,3,Nevada,1
2021-08-27,Weaubleau,0,Nevada,12
2021-08-27,North Harrison,9,Northeast Nodaway,10
2021-08-27,Pacific,5,Northwest (Cedar Hill),13
2021-08-27,Madison,16,Novinger,6
2021-08-27,William Chrisman,5,Oak Grove,6
2021-08-27,Park Hill,10,Oak Grove,3
2021-08-27,Odessa,8,Oak Park,2
2021-08-27,Cor Jesu Academy,8,Oakville,14
2021-08-27,Webster Groves,14,Osage,5
2021-08-27,Webb City,16,Osage,1
2021-08-27,Linn,9,Osage,7
2021-08-27,Capital City,15,Owensville,0
2021-08-27,Windsor (Imperial),2,Owensville,1
2021-08-27,Jefferson City,0,Ozark,10
2021-08-27,William Chrisman,0,Park Hill,15
2021-08-27,Marquette,6,Parkway West,1
2021-08-27,Rock Bridge,11,Poplar Bluff,0
2021-08-27,Incarnate Word Academy,9,Poplar Bluff,8
2021-08-27,St. Teresa's Academy,0,Raymore-Peculiar,10
2021-08-27,Smithville,1,Raymore-Peculiar,7
2021-08-27,Walnut Grove,0,Republic,12
2021-08-27,Weaubleau,5,Republic,10
2021-08-27,Belle,11,Richland,3
2021-08-27,Sikeston,1,Rockwood Summit,13
2021-08-27,Holt,2,Rockwood Summit,7
2021-08-27,Cuba,4,Rolla,14
2021-08-27,Union,0,Rolla,18
2021-08-27,St. Joseph's Academy,7,Seckman,8
2021-08-27,Perryville,2,Seckman,13
2021-08-27,Willow Springs,0,Sherwood,4
2021-08-27,Holt,8,Sikeston,6
2021-08-27,St. Teresa's Academy,1,Smithville,18
2021-08-27,Tuscumbia,2,Van-Far,13
2021-08-27,Webster Groves,2,Webb City,4
2021-08-27,Linn,1,Webb City,7
2021-08-27,Warrenton,3,Timberland,4
2021-08-27,Washington,10,Timberland,7
2021-08-27,Kearney,6,St. Charles,5
2021-08-27,Liberty North,15,Ursuline Academy,2
2021-08-27,Westran,0,Vienna,10
2021-08-27,Willow Springs,2,Waynesville,11
2021-08-27,Leeton,7,Waynesville,1
2021-08-27,Linn,7,Webster Groves,8
2021-08-27,Capital City,15,Windsor (Imperial),2
2021-08-27,Notre Dame de Sion,10,Winnetonka,0
2021-08-28,Gallatin,9,Albany,3
2021-08-28,Worth County,13,Albany,5
2021-08-28,Branson,9,Aurora,1
2021-08-28,Hillcrest,6,Aurora,5
2021-08-28,Neelyville,15,Bakersfield,0
2021-08-28,East Carter,11,Bakersfield,0
2021-08-28,New Haven,6,Belle,2
2021-08-28,St. Charles,6,Belton,1
2021-08-28,Oak Park,7,Belton,10
2021-08-28,St. Teresa's Academy,10,Belton,9
2021-08-28,Mid-Buchanan,4,Benton,3
2021-08-28,DeKalb,6,Benton,7
2021-08-28,Meadville,1,Bevier,8
2021-08-28,Higbee,1,Bevier,4
2021-08-28,Carthage,5,Blue Springs South,17
2021-08-28,Liberty North,2,Blue Springs South,4
2021-08-28,Rockwood Summit,8,Blue Springs South,0
2021-08-28,Pacific,9,Bolivar,7
2021-08-28,Linn,8,Bolivar,5
2021-08-28,Eldon,3,Bolivar,8
2021-08-28,Fayette,4,Boonville,0
2021-08-28,Wright City,2,Boonville,10
2021-08-28,Moberly,2,Boonville,9
2021-08-28,Palmyra,5,Bowling Green,0
2021-08-28,St. Dominic,4,Bowling Green,9
2021-08-28,Marion C. Early,2,Camdenton,0
2021-08-28,West Plains,12,Camdenton,5
2021-08-28,Excelsior Springs,9,Cameron,0
2021-08-28,Richmond,5,Cameron,3
2021-08-28,Branson,17,Carl Junction,0
2021-08-28,Hillcrest,10,Carl Junction,6
2021-08-28,Versailles,2,Carrollton,4
2021-08-28,Pilot Grove,1,Carrollton,10
2021-08-28,Marshall,6,Carrollton,17
2021-08-28,Fox,3,Carthage,2
2021-08-28,Lafayette (Wildwood),2,Carthage,1
2021-08-28,Hartville,2,Cassville,4
2021-08-28,Republic,7,Cassville,8
2021-08-28,Chaffee,7,Central (Cape Girardeau),0
2021-08-28,Notre Dame (Cape Girardeau),20,Central (Cape Girardeau),2
2021-08-28,Dadeville,12,Central (Springfield),4
2021-08-28,Cameron,0,Central (St. Joseph),10
2021-08-28,Maysville,7,Central (St. Joseph),4
2021-08-28,Chillicothe,8,Centralia,0
2021-08-28,Platte County,13,Centralia,1
2021-08-28,Lafayette (St. Joseph),2,Centralia,6
2021-08-28,Holden,11,Chillicothe,4
2021-08-28,Odessa,6,Chillicothe,13
2021-08-28,Halfway,5,Clinton,1
2021-08-28,Gainesville,11,Clinton,0
2021-08-28,Reeds Spring,2,Clinton,8
2021-08-28,Ursuline Academy,16,Cor Jesu Academy,8
2021-08-28,Incarnate Word Academy,17,Cor Jesu Academy,2
2021-08-28,Humansville,5,Dadeville,17
2021-08-28,Mid-Buchanan,18,DeKalb,4
2021-08-28,Osage,7,DeSoto,8
2021-08-28,Eldon,15,DeSoto,5
2021-08-28,St. Clair,9,Dora,8
2021-08-28,Greenville,7,Dora,4
2021-08-28,North Platte,11,East Buchanan,10
2021-08-28,West Platte,3,East Buchanan,9
2021-08-28,Lexington,0,East Buchanan,15
2021-08-28,New Haven,5,Elsberry,1
2021-08-28,St. James,1,Elsberry,18
2021-08-28,Montgomery County,6,Elsberry,0
2021-08-28,New Franklin,4,Eugene,11
2021-08-28,Fayette,6,Eugene,3
2021-08-28,Capital City,3,Eureka,4
2021-08-28,Logan-Rogersville,0,Eureka,1
2021-08-28,Eldon,1,Eureka,8
2021-08-28,Maysville,3,Excelsior Springs,1
2021-08-28,Wheatland,15,Fair Play,4
2021-08-28,Holt,1,Farmington,12
2021-08-28,Poplar Bluff,6,Farmington,4
2021-08-28,Liberty North,4,Fox,3
2021-08-28,Oakville,5,Fox,0
2021-08-28,Seckman,5,Francis Howell,7
2021-08-28,Rolla,8,Francis Howell,2
2021-08-28,Troy Buchanan,7,Francis Howell Central,1
2021-08-28,Washington,2,Francis Howell Central,4
2021-08-28,Chaffee,5,Fredericktown,1
2021-08-28,Notre Dame (Cape Girardeau),10,Fredericktown,1
2021-08-28,Central (Cape Girardeau),8,Fredericktown,7
2021-08-28,Ursuline Academy,11,Ft. Zumwalt North,9
2021-08-28,Naylor,8,Ft. Zumwalt North,9
2021-08-28,Highland,3,Ft. Zumwalt South,6
2021-08-28,Liberty (Wentzville),4,Ft. Zumwalt South,5
2021-08-28,Hickman,4,Ft. Zumwalt South,3
2021-08-28,Troy Buchanan,4,Fulton,3
2021-08-28,Washington,0,Fulton,4
2021-08-28,Halfway,4,Gainesville,8
2021-08-28,Vienna,8,Gallatin,13
2021-08-28,Princeton,4,Gallatin,5
2021-08-28,Smithville,3,Halfway,6
2021-08-28,Worth County,0,Hallsville,15
2021-08-28,Van-Far,1,Hallsville,15
2021-08-28,Liberty (Wentzville),10,Hannibal,1
2021-08-28,Warrenton,1,Hannibal,2
2021-08-28,New Bloomfield,12,Harrisburg,6
2021-08-28,Schuyler County,6,Harrisburg,5
2021-08-28,St. Teresa's Academy,6,Harrisonville,7
2021-08-28,Raytown,2,Harrisonville,17
2021-08-28,St. Charles,16,Harrisonville,1
2021-08-28,Valley Park,7,Hazelwood West,7
2021-08-28,Belle,3,Hermann,2
2021-08-28,Wheatland,10,Hermitage,5
2021-08-28,Hannibal,2,Hickman,6
2021-08-28,Winfield,2,Highland,3
2021-08-28,Northwest (Cedar Hill),3,Hillsboro,5
2021-08-28,Windsor (Imperial),0,Hillsboro,4
2021-08-28,Eldon,1,Hillsboro,9
2021-08-28,Oak Grove,2,Holden,6
2021-08-28,Platte County,3,Holden,4
2021-08-28,California,7,Iberia,6
2021-08-28,Pilot Grove,1,Iberia,11
2021-08-28,East Carter,14,Jackson,10
2021-08-28,Linn,0,Jackson,15
2021-08-28,Pacific,0,Jackson,10
2021-08-28,Rolla,17,Jefferson City,2
2021-08-28,St. Joseph's Academy,15,Jefferson City,0
2021-08-28,Branson,1,Joplin,10
2021-08-28,Hillcrest,2,Joplin,4
2021-08-28,Poplar Bluff,7,Kelly,2
2021-08-28,Holt,6,Kelly,9
2021-08-28,New Franklin,0,Kirksville,9
2021-08-28,Fayette,8,Kirksville,3
2021-08-28,Wright City,4,Kirksville,8
2021-08-28,Iberia,2,Knob Noster,7
2021-08-28,Marshall,9,Knob Noster,1
2021-08-28,Warrensburg,10,Knob Noster,0
2021-08-28,Odessa,2,Lafayette (St. Joseph),6
2021-08-28,Smithville,7,Lafayette (St. Joseph),2
2021-08-28,Rock Bridge,5,Lafayette (Wildwood),0
2021-08-28,Oakville,2,Lafayette (Wildwood),1
2021-08-28,Maysville,9,Lathrop,6
2021-08-28,Lathrop,7,Lawson,4
2021-08-28,Excelsior Springs,9,Lawson,12
2021-08-28,Richmond,11,Lawson,5
2021-08-28,Republic,13,Lebanon,3
2021-08-28,Leeton,2,Lebanon,6
2021-08-28,Raymore-Peculiar,4,Lee's Summit,2
2021-08-28,Park Hill,9,Lee's Summit,0
2021-08-28,Kearney,12,Lee's Summit,3
2021-08-28,Grain Valley,4,Lee's Summit North,2
2021-08-28,Kearney,6,Lee's Summit North,19
2021-08-28,Park Hill,7,Lee's Summit North,2
2021-08-28,Grain Valley,10,Lee's Summit West,7
2021-08-28,Park Hill,5,Lee's Summit West,6
2021-08-28,Raymore-Peculiar,6,Lee's Summit West,5
2021-08-28,North Platte,26,Lexington,2
2021-08-28,West Platte,12,Lexington,6
2021-08-28,Grain Valley,3,Liberty,6
2021-08-28,Kearney,1,Liberty,13
2021-08-28,Raymore-Peculiar,1,Liberty,6
2021-08-28,Webb City,9,Logan-Rogersville,10
2021-08-28,Marion County,4,Madison,1
2021-08-28,Winston,18,Madison,2
2021-08-28,Sherwood,4,Marion C. Early,1
2021-08-28,Winston,4,Marion County,7
2021-08-28,California,10,Marshall,11
2021-08-28,Reeds Spring,3,Marshfield,28
2021-08-28,Gainesville,7,Marshfield,10
2021-08-28,Smithville,0,Marshfield,10
2021-08-28,Brashear,4,Milan,5
2021-08-28,New Franklin,1,Moberly,6
2021-08-28,Savannah,5,Moberly,4
2021-08-28,Hermitage,14,Montrose,1
2021-08-28,Fair Play,13,Montrose,6
2021-08-28,Republic,8,Nevada,6
2021-08-28,Leeton,1,Nevada,13
2021-08-28,Seneca,0,Nevada,10
2021-08-28,Van-Far,7,New Bloomfield,14
2021-08-28,North Harrison,5,North Andrew,7
2021-08-28,Princeton,6,North Andrew,5
2021-08-28,Vienna,3,North Andrew,11
2021-08-28,Worth County,6,North Harrison,3
2021-08-28,West Platte,4,North Platte,7
2021-08-28,Webster Groves,5,Northwest (Cedar Hill),6
2021-08-28,St. Pius X (Festus),2,Notre Dame (St. Louis),13
2021-08-28,Westminster Christian Academy,2,Notre Dame (St. Louis),7
2021-08-28,Odessa,16,Oak Grove,6
2021-08-28,Smithville,12,Oak Grove,2
2021-08-28,Pleasant Hill,5,Oak Park,4
2021-08-28,William Chrisman,7,Oak Park,13
2021-08-28,Rockwood Summit,7,Oakville,6
2021-08-28,Owensville,4,Osage,1
2021-08-28,Eldon,2,Owensville,6
2021-08-28,Timberland,10,Palmyra,2
2021-08-28,St. Joseph's Academy,9,Perryville,2
2021-08-28,Smithville,8,Platte County,9
2021-08-28,Incarnate Word Academy,6,Poplar Bluff,9
2021-08-28,William Chrisman,8,Raytown,15
2021-08-28,Pleasant Hill,18,Raytown,1
2021-08-28,Smithville,8,Reeds Spring,2
2021-08-28,University City,3,Ritenour,21
2021-08-28,Valley Park,6,Ritenour,13
2021-08-28,Liberty North,2,Rock Bridge,5
2021-08-28,Rock Bridge,0,Rockwood Summit,13
2021-08-28,St. Pius X (Festus),17,Rosati-Kain,6
2021-08-28,Westminster Christian Academy,21,Rosati-Kain,3
2021-08-28,Van-Far,5,Schuyler County,1
2021-08-28,Cuba,1,Seckman,19
2021-08-28,Ursuline Academy,8,Sikeston,7
2021-08-28,Naylor,8,Sikeston,14
2021-08-28,Eugene,11,Savannah,6
2021-08-28,Wright City,11,Savannah,1
2021-08-28,Hallsville,6,Southern Boone,8
2021-08-28,Westran,6,Southern Boone,9
2021-08-28,New Bloomfield,4,Southern Boone,9
2021-08-28,St. James,22,St. Clair,3
2021-08-28,Montgomery County,16,St. Clair,1
2021-08-28,Belle,1,St. James,9
2021-08-28,Notre Dame de Sion,16,St. Pius X (Kansas City),0
2021-08-28,Worth County,8,Vienna,10
2021-08-28,Capital City,8,Webb City,4
2021-08-28,St. Dominic,1,Timberland,7
2021-08-28,Mid-Buchanan,4,Trenton,3
2021-08-28,Benton,13,Trenton,4
2021-08-28,DeKalb,5,Trenton,1
2021-08-28,Pleasant Hill,1,St. Charles,7
2021-08-28,Perryville,21,Union,11
2021-08-28,Cuba,16,Union,5
2021-08-28,Valley Park,20,University City,0
2021-08-28,California,9,Versailles,10
2021-08-28,Summit Christian Academy,5,Walnut Grove,14
2021-08-28,Willow Springs,6,Walnut Grove,0
2021-08-28,Versailles,5,Warrensburg,4
2021-08-28,Pilot Grove,1,Warrensburg,16
2021-08-28,Winfield,3,Warrenton,2
2021-08-28,Hartville,8,Waynesville,13
2021-08-28,Republic,13,Waynesville,3
2021-08-28,Summit Christian Academy,0,Weaubleau,12
2021-08-28,Windsor (Imperial),9,Webster Groves,6
2021-08-28,Sherwood,7,West Plains,4
2021-08-28,Schuyler County,10,Westran,2
2021-08-28,Worth County,2,Westran,17
2021-08-28,St. Teresa's Academy,14,William Chrisman,11
2021-08-28,Weaubleau,6,Willow Springs,16
2021-08-28,Liberty (Wentzville),7,Winfield,5
2021-08-30,Troy Buchanan,1,Blair Oaks,2
2021-08-30,Staley,11,Blue Springs,9
2021-08-30,Van-Far,5,California,4
2021-08-30,Cassville,15,Carl Junction,1
2021-08-30,Kirksville,0,Chillicothe,1
2021-08-30,Marshall,12,Clinton,8
2021-08-30,South Shelby,0,Clopton,5
2021-08-30,Westran,9,Crocker,1
2021-08-30,North Platte,15,DeKalb,12
2021-08-30,North County,12,DeSoto,0
2021-08-30,Newburg,0,Dixon,15
2021-08-30,Alton,2,Doniphan,7
2021-08-30,St. Clair,2,East Carter,5
2021-08-30,Cameron,4,Excelsior Springs,11
2021-08-30,Lafayette (Wildwood),0,Francis Howell Central,10
2021-08-30,Jefferson (Festus),3,Fredericktown,14
2021-08-30,Hannibal,2,Fulton,10
2021-08-30,Community,15,Glasgow,2
2021-08-30,Branson,5,Glendale,6
2021-08-30,Fort Osage,18,Grandview,0
2021-08-30,Poplar Bluff,11,Greenville,0
2021-08-30,Winston,7,Hardin-Central,2
2021-08-30,La Plata,9,Highland,5
2021-08-30,Parkway South,4,Hillsboro,3
2021-08-30,Lawson,3,Lafayette County,0
2021-08-30,Seckman,12,Lindbergh,5
2021-08-30,Centralia,0,Macon,5
2021-08-30,Wellsville-Middletown,0,Madison,15
2021-08-30,North Andrew,12,Maryville,1
2021-08-30,Parkway South,7,Mehlville,2
2021-08-30,Kelly,5,Neelyville,7
2021-08-30,Monett,2,Neosho,12
2021-08-30,Winnetonka,4,North Kansas City,11
2021-08-30,Westran,14,Northeast (Cairo),6
2021-08-30,Knob Noster,11,Notre Dame de Sion,1
2021-08-30,McDonald County,0,Ozark,6
2021-08-30,Louisiana,8,Paris,6
2021-08-30,Platte County,10,Park Hill,6
2021-08-30,Marceline,10,Penney,0
2021-08-30,Grain Valley,2,Pleasant Hill,1
2021-08-30,Schuyler County,1,Princeton,2
2021-08-30,Mercer,2,Putnam County,4
2021-08-30,Rolla,14,Republic,9
2021-08-30,Laquey,5,Richland,4
2021-08-30,Moberly,11,Schuyler County,6
2021-08-30,Lathrop,3,Savannah,9
2021-08-30,Novinger,0,Scotland County,15
2021-08-30,Warrensburg,15,Savannah,1
2021-08-30,Nerinx Hall,3,St. Charles,7
2021-08-30,Albany,6,Trenton,17
2021-08-30,Eugene,1,Versailles,4
2021-08-30,Nevada,4,Webb City,5
2021-08-30,Hillcrest,0,Willard,14
2021-08-31,Neelyville,20,Alton,5
2021-08-31,Lee's Summit North,9,Belton,2
2021-08-31,Northeast (Cairo),11,Bevier,5
2021-08-31,Rock Bridge,8,Blue Springs,4
2021-08-31,Belle,3,California,10
2021-08-31,Linn,3,Capital City,8
2021-08-31,Schuyler County,4,Carrollton,13
2021-08-31,East Carter,5,Central (Cape Girardeau),21
2021-08-31,Perryville,2,Central (Cape Girardeau),1
2021-08-31,Bolivar,26,Central (Springfield),8
2021-08-31,Blair Oaks,10,Centralia,0
2021-08-31,Union,15,DeSoto,13
2021-08-31,Laquey,0,Dixon,15
2021-08-31,Norwood,5,Dora,10
2021-08-31,Chillicothe,7,East Buchanan,1
2021-08-31,Perryville,15,East Carter,12
2021-08-31,North Point,0,Elsberry,9
2021-08-31,Festus,2,Farmington,14
2021-08-31,Winnetonka,0,Fort Osage,15
2021-08-31,Parkway North,2,Fox,4
2021-08-31,Parkway Central,0,Francis Howell North,8
2021-08-31,Ft. Zumwalt North,4,Ft. Zumwalt South,12
2021-08-31,Parkway West,3,Ft. Zumwalt West,10
2021-08-31,Milan,4,Gallatin,3
2021-08-31,Salem,5,Glasgow,7
2021-08-31,Halfway,4,Hartville,14
2021-08-31,Valley Park,14,Herculaneum,1
2021-08-31,Montgomery County,19,Hermann,0
2021-08-31,Bowling Green,14,Highland,1
2021-08-31,Parkway South,4,Hillsboro,3
2021-08-31,Troy Buchanan,9,Holt,10
2021-08-31,Dadeville,13,Humansville,14
2021-08-31,Westran,1,Iberia,12
2021-08-31,Westminster Christian Academy,4,Incarnate Word Academy,14
2021-08-31,Northwest (Cedar Hill),17,Jefferson (Festus),1
2021-08-31,Odessa,17,Jefferson City,7
2021-08-31,Liberty North,13,Kearney,2
2021-08-31,Chaffee,3,Kelly,1
2021-08-31,Clark County,0,Kirksville,13
2021-08-31,Parkway West,5,Kirkwood,1
2021-08-31,North Shelby,4,Knox County,1
2021-08-31,Richmond,5,Lawson,11
2021-08-31,Lee's Summit,0,Lee's Summit West,11
2021-08-31,Hardin-Central,2,Leeton,17
2021-08-31,Seckman,12,Lindbergh,5
2021-08-31,Aurora,0,Logan-Rogersville,15
2021-08-31,Hallsville,2,Macon,8
2021-08-31,Hermitage,2,Marion C. Early,13
2021-08-31,Monroe City,1,Mark Twain,7
2021-08-31,Parkway Central,0,Marquette,16
2021-08-31,Joplin,0,McDonald County,1
2021-08-31,Green City,1,Meadville,3
2021-08-31,Parkway South,7,Mehlville,2
2021-08-31,Marshall,7,Mexico,3
2021-08-31,Marceline,5,Moberly,4
2021-08-31,Marshfield,14,Monett,1
2021-08-31,Ladue Horton Watkins,0,Nerinx Hall,17
2021-08-31,Cassville,4,Nevada,15
2021-08-31,New Haven,0,New Bloomfield,15
2021-08-31,Worth County,2,North Andrew,5
2021-08-31,Slater,8,North Callaway,5
2021-08-31,Ursuline Academy,6,Oakville,11
2021-08-31,Tuscumbia,2,Osage,6
2021-08-31,Blue Springs South,13,Park Hill South,3
2021-08-31,Lebanon,18,Parkview,1
2021-08-31,Pattonville,6,Parkway North,5
2021-08-31,Trenton,3,Putnam County,1
2021-08-31,William Chrisman,15,Raytown South,0
2021-08-31,Republic,26,Reeds Spring,0
2021-08-31,Newburg,6,Richland,19
2021-08-31,Francis Howell,3,Rockwood Summit,10
2021-08-31,Kickapoo,4,Rolla,0
2021-08-31,Carthage,8,Seneca,2
2021-08-31,Naylor,13,Sikeston,11
2021-08-31,Excelsior Springs,3,Smithville,4
2021-08-31,Polo,2,St. Elizabeth,3
2021-08-31,Fatima,3,Southern Boone,2
2021-08-31,Winfield,1,St. Charles,3
2021-08-31,Pilot Grove,0,Van-Far,15
2021-08-31,St. Dominic,13,St. Joseph's Academy,0
2021-08-31,West Platte,20,St. Pius X (Kansas City),3
2021-08-31,Albany,5,Vienna,15
2021-08-31,Silex,20,Worth County,0
2021-08-31,Central (St. Joseph),8,St. Charles,3
2021-08-31,Van Buren,1,St. Clair,7
2021-08-31,Jamestown,0,Versailles,22
2021-08-31,St. James,6,Vienna,18
2021-08-31,Ft. Zumwalt East,2,Washington,12
2021-08-31,Hillcrest,6,Waynesville,9
2021-08-31,Cor Jesu Academy,0,Webster Groves,10
2021-08-31,Glendale,11,West Plains,6
2021-08-31,Walnut Grove,12,Wheatland,4
2021-08-31,Smithville,8,Willow Springs,3
2021-09-01,Bayless,11,Brentwood,2
2021-09-01,Lafayette County,2,Cameron,7
2021-09-01,Schuyler County,4,Carrollton,13
2021-09-01,Notre Dame (Cape Girardeau),14,Chaffee,2
2021-09-01,Chillicothe,7,East Buchanan,1
2021-09-01,Jefferson (Festus),0,Farmington,15
2021-09-01,Northwest (Cedar Hill),11,Festus,1
2021-09-01,Parkway West,8,Fox,0
2021-09-01,Francis Howell North,2,Fox,5
2021-09-01,Pattonville,2,Fox,12
2021-09-01,Marquette,3,Francis Howell North,4
2021-09-01,Hillsboro,8,Francis Howell North,0
2021-09-01,Kirkwood,5,Ft. Zumwalt West,12
2021-09-01,Pattonville,8,Ft. Zumwalt West,6
2021-09-01,Parkway South,10,Ft. Zumwalt West,0
2021-09-01,Eldon,0,Fulton,16
2021-09-01,Milan,4,Gallatin,3
2021-09-01,Branson,5,Glendale,6
2021-09-01,Oak Grove,0,Grain Valley,4
2021-09-01,Winnetonka,18,Grandview,0
2021-09-01,Fredericktown,12,Herculaneum,2
2021-09-01,Bowling Green,14,Highland,1
2021-09-01,Mehlville,0,Hillsboro,13
2021-09-01,Parkway West,4,Hillsboro,0
2021-09-01,Seckman,14,Holt,1
2021-09-01,Naylor,1,Jackson,11
2021-09-01,Clark County,0,Kirksville,13
2021-09-01,St. Teresa's Academy,4,Lafayette (St. Joseph),6
2021-09-01,Francis Howell,0,Lafayette (Wildwood),3
2021-09-01,Richmond,5,Lawson,11
2021-09-01,Willard,7,Lebanon,1
2021-09-01,Raymore-Peculiar,8,Liberty North,5
2021-09-01,Eureka,15,Lindbergh,5
2021-09-01,Hallsville,15,Mark Twain,0
2021-09-01,Parkway South,1,Marquette,3
2021-09-01,Pattonville,0,Marquette,12
2021-09-01,Princeton,10,Maysville,12
2021-09-01,Fort Osage,10,North Kansas City,1
2021-09-01,Bishop LeBlond,0,North Platte,9
2021-09-01,Smithville,8,Pleasant Hill,2
2021-09-01,Trenton,3,Putnam County,1
2021-09-01,Raytown,15,Raytown South,2
2021-09-01,Helias Catholic,1,Rolla,5
2021-09-01,La Plata,7,Schuyler County,0
2021-09-01,Paris,2,South Shelby,12
2021-09-01,Boonville,2,Southern Boone,7
2021-09-01,Rockwood Summit,7,St. Joseph's Academy,5
2021-09-01,Sherwood,13,St. Michael the Archangel,0
2021-09-01,Jefferson City,1,Warrensburg,16
2021-09-01,Orchard Farm,0,Warrenton,15
2021-09-01,Ft. Zumwalt South,1,Washington,13
2021-09-01,Harrisonville,4,William Chrisman,11
2021-09-02,Hartville,8,Aurora,9
2021-09-02,Cameron,4,Bishop LeBlond,6
2021-09-02,Eugene,0,Blair Oaks,7
2021-09-02,Grain Valley,7,Blue Springs,8
2021-09-02,Rolla,9,Bolivar,1
2021-09-02,Hallsville,18,Boonville,6
2021-09-02,Logan-Rogersville,6,Branson,4
2021-09-02,North Shelby,5,Brashear,0
2021-09-02,Parkview,5,Camdenton,20
2021-09-02,Lebanon,20,Central (Springfield),0
2021-09-02,William Chrisman,2,Central (St. Joseph),15
2021-09-02,Van Buren,1,Chaffee,5
2021-09-02,Lawson,2,Chillicothe,8
2021-09-02,Hermann,0,Community,18
2021-09-02,Wheatland,16,Dadeville,1
2021-09-02,Iberia,9,Dixon,1
2021-09-02,Central (Cape Girardeau),5,Doniphan,1
2021-09-02,Notre Dame (Cape Girardeau),15,Doniphan,0
2021-09-02,Wright City,0,Elsberry,6
2021-09-02,Montrose,9,Fair Play,10
2021-09-02,St. Joseph's Academy,7,Father Tolton,8
2021-09-02,Osage,0,Fatima,4
2021-09-02,Worth County,0,Fayette,14
2021-09-02,Parkway South,10,Fox,0
2021-09-02,Troy Buchanan,0,Francis Howell Central,1
2021-09-02,Ft. Zumwalt South,11,Ft. Zumwalt East,2
2021-09-02,Francis Howell North,0,Ft. Zumwalt West,10
2021-09-02,Willow Springs,8,Gainesville,4
2021-09-02,Kickapoo,15,Glendale,7
2021-09-02,Neelyville,3,Greenville,0
2021-09-02,Climax Springs,0,Halfway,15
2021-09-02,Lexington,5,Hardin-Central,7
2021-09-02,Pilot Grove,5,Harrisburg,15
2021-09-02,Belton,12,Harrisonville,2
2021-09-02,La Plata,18,Higbee,0
2021-09-02,Pattonville,0,Hillsboro,3
2021-09-02,Pleasant Hill,1,Holden,3
2021-09-02,Hermitage,19,Humansville,12
2021-09-02,Perryville,0,Jackson,15
2021-09-02,Cassville,0,Joplin,2
2021-09-02,Liberty North,13,Kearney,2
2021-09-02,Central (Cape Girardeau),5,Kelly,16
2021-09-02,Notre Dame (Cape Girardeau),5,Kelly,1
2021-09-02,Parkway North,2,Kirkwood,1
2021-09-02,Mehlville,2,Kirkwood,4
2021-09-02,Versailles,5,Knob Noster,2
2021-09-02,Canton,14,Knox County,3
2021-09-02,Rosati-Kain,9,Ladue Horton Watkins,15
2021-09-02,North Platte,6,Lafayette (St. Joseph),13
2021-09-02,Penney,5,Lafayette County,10
2021-09-02,Liberty,1,Lee's Summit North,3
2021-09-02,Ft. Zumwalt North,5,Liberty (Wentzville),11
2021-09-02,Bowling Green,10,Louisiana,0
2021-09-02,Monroe City,0,Macon,2
2021-09-02,Hillcrest,0,Marion C. Early,10
2021-09-02,Atlanta,3,Marion County,1
2021-09-02,Parkway West,10,Marquette,9
2021-09-02,Fulton,11,Marshall,0
2021-09-02,McDonald County,3,Marshfield,0
2021-09-02,Parkway Central,7,Mehlville,12
2021-09-02,St. Pius X (Kansas City),0,Mid-Buchanan,15
2021-09-02,Kirksville,6,Moberly,3
2021-09-02,Silex,7,Montgomery County,3
2021-09-02,Cuba,3,New Haven,18
2021-09-02,Van-Far,0,North Callaway,15
2021-09-02,Farmington,21,North County,3
2021-09-02,Vienna,5,North Harrison,2
2021-09-02,Pacific,2,Northwest (Cedar Hill),5
2021-09-02,Walnut Grove,1,Norwood,4
2021-09-02,St. Dominic,10,Notre Dame (St. Louis),0
2021-09-02,Milan,17,Novinger,2
2021-09-02,Platte County,14,Oak Grove,4
2021-09-02,Park Hill,12,Oak Park,0
2021-09-02,Webster Groves,8,Oakville,5
2021-09-02,Notre Dame de Sion,2,Odessa,8
2021-09-02,Linn,1,Owensville,2
2021-09-02,Mark Twain,0,Palmyra,10
2021-09-02,Northeast (Cairo),13,Paris,0
2021-09-02,Parkway North,9,Parkway Central,4
2021-09-02,Albany,9,Pattonsburg,10
2021-09-02,Gallatin,2,Polo,4
2021-09-02,St. Elizabeth,20,Princeton,3
2021-09-02,Green City,2,Putnam County,12
2021-09-02,Nevada,27,Reeds Spring,0
2021-09-02,Crocker,7,Richland,8
2021-09-02,Warrensburg,4,Richmond,2
2021-09-02,Ursuline Academy,0,Rockwood Summit,15
2021-09-02,Clark County,2,Scotland County,1
2021-09-02,Bakersfield,7,Smithville,5
2021-09-02,Poplar Bluff,9,Sikeston,5
2021-09-02,New Franklin,8,Salem,0
2021-09-02,Clinton,6,Savannah,12
2021-09-02,Northeast Nodaway,19,St. James,0
2021-09-02,Brookfield,1,South Shelby,0
2021-09-02,Eldon,0,Southern Boone,11
2021-09-02,North Point,1,St. Charles,14
2021-09-02,Herculaneum,16,St. Clair,2
2021-09-02,Slater,5,Van-Far,8
2021-09-02,Lutheran South,6,St. Joseph's Academy,3
2021-09-02,Grandview,1,St. Michael the Archangel,16
2021-09-02,Benton,19,St. Teresa's Academy,6
2021-09-02,Laquey,4,Westran,7
2021-09-02,Windsor (Imperial),2,Webb City,12
2021-09-02,Carrollton,15,Summit Christian Academy,0
2021-09-02,Holt,4,Timberland,5
2021-09-02,Maysville,8,Trenton,4
2021-09-02,Excelsior Springs,1,St. Charles,9
2021-09-02,New Bloomfield,13,Tuscumbia,3
2021-09-02,Gateway Science Charter,6,Valley Park,23
2021-09-02,West Plains,5,Waynesville,7
2021-09-02,Leeton,10,Weaubleau,0
2021-09-02,Monett,6,Webb City,16
2021-09-02,Clopton,15,Wellsville-Middletown,0
2021-09-02,Madison,1,Westran,16
2021-09-02,Tri-County,1,Winston,12
2021-09-02,Maryville,4,Worth County,2
2021-09-03,Gainesville,11,Bakersfield,2
2021-09-03,Carl Junction,1,Blue Springs,16
2021-09-03,Kickapoo,2,Blue Springs,11
2021-09-03,Joplin,3,Blue Springs,12
2021-09-03,Ozark,2,Blue Springs South,8
2021-09-03,Rock Bridge,7,Blue Springs South,8
2021-09-03,Logan-Rogersville,0,Blue Springs South,11
2021-09-03,Fatima,0,Capital City,3
2021-09-03,Joplin,18,Carl Junction,8
2021-09-03,Kickapoo,15,Carl Junction,3
2021-09-03,Park Hill South,3,Carthage,4
2021-09-03,Nevada,2,Carthage,11
2021-09-03,Park Hill,3,Carthage,4
2021-09-03,Perryville,14,DeSoto,2
2021-09-03,Notre Dame (Cape Girardeau),15,DeSoto,0
2021-09-03,Van Buren,1,Dora,2
2021-09-03,Fox,9,Festus,3
2021-09-03,Northwest (Cedar Hill),3,Francis Howell Central,11
2021-09-03,Timberland,15,Ft. Zumwalt East,5
2021-09-03,McCluer North,0,Ft. Zumwalt North,22
2021-09-03,Washington,13,Ft. Zumwalt South,1
2021-09-03,Lee's Summit North,9,Fulton,0
2021-09-03,Troy Buchanan,3,Fulton,9
2021-09-03,Helias Catholic,12,Fulton,6
2021-09-03,Halfway,20,Humansville,3
2021-09-03,Cor Jesu Academy,0,Jackson,10
2021-09-03,Kickapoo,11,Joplin,1
2021-09-03,Helias Catholic,9,Lee's Summit North,1
2021-09-03,Troy Buchanan,1,Lee's Summit North,2
2021-09-03,Cor Jesu Academy,9,Lindbergh,8
2021-09-03,Brashear,9,Linn County,0
2021-09-03,Ozark,2,Logan-Rogersville,0
2021-09-03,Rock Bridge,6,Logan-Rogersville,1
2021-09-03,St. Charles,2,Lutheran South,5
2021-09-03,Marshfield,5,Marion C. Early,8
2021-09-03,Bevier,1,Marion County,10
2021-09-03,Tri-County,2,Meadville,1
2021-09-03,Republic,15,Monett,0
2021-09-03,Staley,3,Neosho,5
2021-09-03,Park Hill South,13,Nevada,6
2021-09-03,Wellsville-Middletown,2,New Haven,18
2021-09-03,Incarnate Word Academy,14,Northwest (Cedar Hill),8
2021-09-03,Rock Bridge,5,Ozark,0
2021-09-03,Notre Dame (Cape Girardeau),13,Perryville,0
2021-09-03,Crocker,7,Richland,8
2021-09-03,Webb City,13,Seneca,3
2021-09-03,Staley,12,Seneca,0
2021-09-03,Neosho,15,Seneca,5
2021-09-03,Norwood,9,Smithville,10
2021-09-03,Farmington,15,St. Pius X (Festus),0
2021-09-03,Helias Catholic,4,Troy Buchanan,4
2021-09-03,Montrose,0,Walnut Grove,15
2021-09-03,Incarnate Word Academy,5,Washington,7
2021-09-03,St. Joseph's Academy,4,Washington,9
2021-09-03,Staley,5,Webb City,2
2021-09-03,Neosho,2,Webb City,14
2021-09-03,Eureka,11,Webster Groves,3
2021-09-03,Rosati-Kain,2,Westminster Christian Academy,13
2021-09-03,Silex,4,Winfield,11
2021-09-04,Staley,2,Blue Springs,7
2021-09-04,Carthage,1,Blue Springs,10
2021-09-04,Lee's Summit North,0,Blue Springs South,3
2021-09-04,Rock Bridge,10,Blue Springs South,6
2021-09-04,South Shelby,10,Brookfield,9
2021-09-04,Knox County,8,Brookfield,6
2021-09-04,Clark County,4,Canton,5
2021-09-04,La Plata,1,Canton,3
2021-09-04,Nevada,8,Carl Junction,0
2021-09-04,Seneca,10,Carl Junction,0
2021-09-04,Staley,15,Carthage,7
2021-09-04,Perryville,12,Central (Cape Girardeau),1
2021-09-04,South Shelby,4,Clark County,5
2021-09-04,Knox County,7,Clark County,10
2021-09-04,Central (Cape Girardeau),6,DeSoto,2
2021-09-04,Doniphan,17,DeSoto,1
2021-09-04,Perryville,12,Doniphan,15
2021-09-04,Incarnate Word Academy,5,Francis Howell Central,10
2021-09-04,Marion C. Early,0,Glendale,6
2021-09-04,Brookfield,2,Hannibal,5
2021-09-04,La Plata,5,Hannibal,6
2021-09-04,Rock Bridge,12,Helias Catholic,3
2021-09-04,Park Hill South,0,Joplin,9
2021-09-04,Neosho,17,Joplin,6
2021-09-04,Windsor (Imperial),6,Kelly,3
2021-09-04,Webb City,7,Kickapoo,6
2021-09-04,South Shelby,2,La Plata,17
2021-09-04,St. Charles,13,Mexico,23
2021-09-04,Knox County,5,Monroe City,17
2021-09-04,Canton,3,Monroe City,2
2021-09-04,Hannibal,2,Monroe City,12
2021-09-04,Seneca,0,Nevada,10
2021-09-04,Glendale,0,Nixa,7
2021-09-04,Marion C. Early,0,Nixa,11
2021-09-04,Windsor (Imperial),0,Notre Dame (Cape Girardeau),3
2021-09-04,Neosho,0,Park Hill South,7
2021-09-06,Maryville,0,Central (St. Joseph),15
2021-09-06,Notre Dame (Cape Girardeau),7,Farmington,8
2021-09-06,Southern Boone,4,Father Tolton,11
2021-09-06,Hannibal,2,Fulton,10
2021-09-06,Weaubleau,0,Marshfield,2
2021-09-06,Schuyler County,0,Putnam County,2
2021-09-06,Lexington,3,Richmond,18
2021-09-06,West Platte,8,St. Michael the Archangel,0
2021-09-07,North Andrew,11,Albany,7
2021-09-07,Scotland County,0,Atlanta,10
2021-09-07,Valley Park,19,Bayless,1
2021-09-07,Warrensburg,6,Belton,4
2021-09-07,St. Pius X (Kansas City),2,Bishop LeBlond,5
2021-09-07,Lee's Summit West,0,Blue Springs South,17
2021-09-07,Ozark,10,Branson,9
2021-09-07,Hancock,20,Brentwood,2
2021-09-07,Macon,13,Brookfield,1
2021-09-07,Eldon,6,California,12
2021-09-07,Lebanon,7,Camdenton,18
2021-09-07,Westran,0,Canton,7
2021-09-07,Blair Oaks,9,Capital City,2
2021-09-07,Carthage,10,Carl Junction,0
2021-09-07,Lafayette County,2,Carrollton,15
2021-09-07,Poplar Bluff,10,Chaffee,0
2021-09-07,Monroe City,8,Clark County,1
2021-09-07,Montrose,21,Climax Springs,6
2021-09-07,Marion C. Early,9,Clinton,0
2021-09-07,Pilot Grove,3,Community,13
2021-09-07,Linn,17,Cuba,4
2021-09-07,Fair Play,13,Dadeville,10
2021-09-07,Bakersfield,3,Dora,14
2021-09-07,St. Teresa's Academy,17,East Buchanan,19
2021-09-07,Jackson,13,East Carter,0
2021-09-07,William Chrisman,5,Excelsior Springs,15
2021-09-07,Hillsboro,8,Festus,3
2021-09-07,Park Hill South,16,Fort Osage,1
2021-09-07,Francis Howell Central,1,Francis Howell,0
2021-09-07,Ft. Zumwalt East,19,Ft. Zumwalt North,7
2021-09-07,Francis Howell North,7,Ft. Zumwalt South,1
2021-09-07,Alton,2,Gainesville,12
2021-09-07,Putnam County,12,Gallatin,0
2021-09-07,Hillcrest,4,Glendale,14
2021-09-07,Kearney,25,Grandview,0
2021-09-07,Novinger,3,Green City,13
2021-09-07,Schuyler County,4,Hallsville,10
2021-09-07,Moberly,7,Hannibal,2
2021-09-07,Lee's Summit,11,Harrisonville,0
2021-09-07,Willow Springs,4,Hartville,19
2021-09-07,Gateway Science Charter,1,Hazelwood East,13
2021-09-07,DeSoto,2,Herculaneum,3
2021-09-07,Webb City,19,Hermann,0
2021-09-07,Southern Boone,6,Hickman,3
2021-09-07,Hardin-Central,2,Higbee,4
2021-09-07,Centralia,11,Highland,6
2021-09-07,Ft. Zumwalt West,11,Holt,0
2021-09-07,Walnut Grove,18,Humansville,1
2021-09-07,Van-Far,11,Jamestown,1
2021-09-07,Windsor (Imperial),20,Jefferson (Festus),0
2021-09-07,Fatima,9,Jefferson City,0
2021-09-07,Central (Springfield),0,Kickapoo,15
2021-09-07,Holden,13,Knob Noster,0
2021-09-07,Chillicothe,22,Lafayette (St. Joseph),3
2021-09-07,Dixon,10,Laquey,3
2021-09-07,Lee's Summit North,5,Liberty,6
2021-09-07,Bevier,4,Linn County,15
2021-09-07,Cassville,0,Logan-Rogersville,14
2021-09-07,Montgomery County,1,Mark Twain,2
2021-09-07,Cameron,9,Maryville,6
2021-09-07,Reeds Spring,1,McDonald County,11
2021-09-07,Kirksville,4,Mexico,2
2021-09-07,Aurora,16,Monett,4
2021-09-07,Greenville,2,Naylor,3
2021-09-07,Fayette,1,New Bloomfield,0
2021-09-07,Kelly,3,North County,8
2021-09-07,Winnetonka,2,North Kansas City,17
2021-09-07,St. James,1,North Platte,8
2021-09-07,Paris,0,North Shelby,14
2021-09-07,New Franklin,14,Northeast (Cairo),1
2021-09-07,Oakville,4,Northwest (Cedar Hill),3
2021-09-07,Neelyville,2,Notre Dame (Cape Girardeau),4
2021-09-07,Marshall,3,Oak Grove,6
2021-09-07,St. Charles,11,Oak Park,1
2021-09-07,Sherwood,12,Odessa,7
2021-09-07,Boonville,7,Osage,1
2021-09-07,New Haven,3,Pacific,4
2021-09-07,La Plata,0,Palmyra,8
2021-09-07,Blue Springs,12,Park Hill,1
2021-09-07,Bolivar,18,Parkview,0
2021-09-07,Kirkwood,3,Parkway South,6
2021-09-07,Sikeston,17,Perryville,3
2021-09-07,Ruskin,0,Platte County,16
2021-09-07,St. Michael the Archangel,0,Pleasant Hill,4
2021-09-07,Milan,0,Polo,5
2021-09-07,Trenton,7,Princeton,8
2021-09-07,Liberty North,9,Raymore-Peculiar,7
2021-09-07,Neosho,2,Republic,1
2021-09-07,Iberia,12,Richland,0
2021-09-07,Pattonville,13,Ritenour,4
2021-09-07,Bishop DuBourg,9,Rosati-Kain,8
2021-09-07,Van Buren,7,Salem,8
2021-09-07,Benton,2,Savannah,4
2021-09-07,Fox,11,Seckman,0
2021-09-07,Halfway,5,Smithville,14
2021-09-07,Louisiana,0,Silex,11
2021-09-07,Versailles,6,Salem,1
2021-09-07,Raytown South,0,Smithville,16
2021-09-07,Maysville,3,St. Elizabeth,7
2021-09-07,Marceline,14,South Shelby,3
2021-09-07,Warrenton,10,St. Charles,0
2021-09-07,Ursuline Academy,1,St. Dominic,15
2021-09-07,Notre Dame (St. Louis),3,St. Joseph's Academy,6
2021-09-07,St. Clair,2,St. James,17
2021-09-07,Nerinx Hall,1,St. Joseph's Academy,0
2021-09-07,Grain Valley,4,Staley,5
2021-09-07,Mid-Buchanan,16,Summit Christian Academy,1
2021-09-07,Timberland,0,Troy Buchanan,8
2021-09-07,Crocker,0,Tuscumbia,10
2021-09-07,Owensville,12,Union,1
2021-09-07,Madison,4,Van-Far,9
2021-09-07,Liberty (Wentzville),0,Washington,10
2021-09-07,Hermitage,0,Weaubleau,10
2021-09-07,Joplin,2,Webb City,12
2021-09-07,Mehlville,6,Webster Groves,8
2021-09-07,Rolla,6,West Plains,2
2021-09-07,Nixa,4,Willard,0
2021-09-07,Vienna,8,Worth County,9
2021-09-07,North Callaway,9,Wright City,11
2021-09-08,Cuba,2,Belle,17
2021-09-08,Nixa,16,Bolivar,2
2021-09-08,Savannah,0,Boonville,10
2021-09-08,Clayton,11,Brentwood,0
2021-09-08,Jackson,8,Central (Cape Girardeau),0
2021-09-08,Platte County,8,Central (St. Joseph),9
2021-09-08,Schuyler County,2,Clark County,7
2021-09-08,St. Dominic,17,Cor Jesu Academy,7
2021-09-08,DeSoto,0,Fox,16
2021-09-08,Van Buren,15,Fredericktown,12
2021-09-08,Blair Oaks,9,Hallsville,0
2021-09-08,Orchard Farm,28,Hancock,1
2021-09-08,Glasgow,3,Harrisburg,13
2021-09-08,Jefferson City,1,Helias Catholic,12
2021-09-08,North County,9,Herculaneum,1
2021-09-08,Father Tolton,5,Hickman,6
2021-09-08,Chaffee,12,Jefferson (Festus),1
2021-09-08,Excelsior Springs,4,Kearney,6
2021-09-08,Lafayette (Wildwood),12,Kirkwood,4
2021-09-08,St. Charles,14,Lee's Summit,11
2021-09-08,Staley,0,Lee's Summit North,7
2021-09-08,Odessa,7,Leeton,5
2021-09-08,Oakville,10,Lindbergh,2
2021-09-08,Parkway Central,2,Lutheran South,8
2021-09-08,South Shelby,11,Mark Twain,1
2021-09-08,Seckman,4,Marquette,13
2021-09-08,University City,0,Mehlville,18
2021-09-08,Naylor,7,Neelyville,5
2021-09-08,Bishop DuBourg,7,Nerinx Hall,10
2021-09-08,Harrisonville,1,Nevada,4
2021-09-08,Bishop LeBlond,1,North Andrew,10
2021-09-08,Eureka,11,Northwest (Cedar Hill),1
2021-09-08,Affton,0,Notre Dame (St. Louis),10
2021-09-08,Fort Osage,7,Oak Grove,4
2021-09-08,Montgomery County,16,Paris,1
2021-09-08,Park Hill,3,Park Hill South,10
2021-09-08,Ursuline Academy,0,Parkway North,4
2021-09-08,Savannah,6,Penney,2
2021-09-08,Windsor (Imperial),13,Perryville,7
2021-09-08,Belton,0,Raymore-Peculiar,4
2021-09-08,Parkway West,4,Rockwood Summit,9
2021-09-08,Dora,19,Smithville,6
2021-09-08,Grandview,0,Smithville,15
2021-09-08,Parkway South,14,St. Joseph's Academy,0
2021-09-08,Notre Dame de Sion,0,St. Michael the Archangel,4
2021-09-08,Valley Park,17,St. Pius X (Festus),0
2021-09-08,St. Teresa's Academy,23,St. Pius X (Kansas City),9
2021-09-08,Wheatland,1,Westran,12
2021-09-08,Francis Howell,8,Warrenton,0
2021-09-08,Hillcrest,0,Willard,14
2021-09-08,Oak Park,10,William Chrisman,3
2021-09-08,Raytown South,6,Winnetonka,8
2021-09-09,University City,1,Affton,13
2021-09-09,McDonald County,10,Aurora,0
2021-09-09,Willow Springs,1,Bakersfield,6
2021-09-09,Gateway Science Charter,4,Bayless,19
2021-09-09,Green City,1,Bevier,9
2021-09-09,Raymore-Peculiar,3,Blue Springs,5
2021-09-09,Park Hill,0,Blue Springs South,9
2021-09-09,West Plains,7,Bolivar,0
2021-09-09,Joplin,5,Branson,10
2021-09-09,Meadville,1,Brashear,11
2021-09-09,Highland,3,Brookfield,4
2021-09-09,Waynesville,0,Camdenton,5
2021-09-09,Savannah,11,Cameron,1
2021-09-09,North Shelby,1,Canton,4
2021-09-09,Knob Noster,1,Carrollton,4
2021-09-09,Naylor,16,Central (Cape Girardeau),26
2021-09-09,Rolla,24,Central (Springfield),2
2021-09-09,Father Tolton,2,Centralia,3
2021-09-09,Central (St. Joseph),6,Chillicothe,3
2021-09-09,Pleasant Hill,23,Clinton,0
2021-09-09,Kelly,6,Doniphan,3
2021-09-09,Hartville,10,Dora,5
2021-09-09,Farmington,13,East Carter,3
2021-09-09,Blair Oaks,12,Eldon,0
2021-09-09,Van-Far,9,Eugene,2
2021-09-09,Harrisonville,6,Excelsior Springs,16
2021-09-09,St. Pius X (Festus),9,Festus,5
2021-09-09,North Kansas City,0,Fort Osage,11
2021-09-09,Parkway West,4,Fox,5
2021-09-09,Francis Howell North,6,Ft. Zumwalt East,2
2021-09-09,Washington,14,Ft. Zumwalt North,3
2021-09-09,Liberty (Wentzville),8,Ft. Zumwalt South,13
2021-09-09,Norwood,4,Gainesville,7
2021-09-09,Parkview,0,Glendale,15
2021-09-09,Mexico,19,Hannibal,2
2021-09-09,Schuyler County,13,Harrisburg,11
2021-09-09,Clayton,5,Hazelwood East,20
2021-09-09,Parkway North,13,Hazelwood West,1
2021-09-09,Jefferson (Festus),14,Herculaneum,7
2021-09-09,Lebanon,15,Hillcrest,2
2021-09-09,Perryville,0,Hillsboro,3
2021-09-09,Lexington,0,Holden,12
2021-09-09,California,4,Iberia,13
2021-09-09,Fulton,0,Kirksville,10
2021-09-09,Pattonville,2,Kirkwood,3
2021-09-09,Paris,2,Knox County,12
2021-09-09,Marceline,13,La Plata,3
2021-09-09,Ritenour,16,Ladue Horton Watkins,1
2021-09-09,Maryville,0,Lafayette (St. Joseph),10
2021-09-09,Rockwood Summit,3,Lafayette (Wildwood),2
2021-09-09,Richmond,7,Lafayette County,11
2021-09-09,Richland,6,Laquey,3
2021-09-09,Penney,1,Lawson,17
2021-09-09,Lee's Summit West,1,Lee's Summit North,4
2021-09-09,Liberty,3,Liberty North,5
2021-09-09,Webster Groves,13,Lindbergh,8
2021-09-09,Belle,1,Linn,11
2021-09-09,Higbee,0,Madison,10
2021-09-09,South Shelby,6,Marion County,9
2021-09-09,Bowling Green,12,Mark Twain,1
2021-09-09,Savannah,3,Marshall,2
2021-09-09,Polo,1,Maysville,4
2021-09-09,Winston,1,Mercer,5
2021-09-09,Princeton,2,Milan,5
2021-09-09,Macon,7,Moberly,2
2021-09-09,Wright City,2,Montgomery County,3
2021-09-09,Sherwood,17,Montrose,0
2021-09-09,Boonville,4,New Franklin,3
2021-09-09,Carthage,1,Nixa,2
2021-09-09,Pattonsburg,6,North Andrew,12
2021-09-09,Wellsville-Middletown,0,North Callaway,18
2021-09-09,Fredericktown,2,North County,12
2021-09-09,Lathrop,7,North Platte,4
2021-09-09,Parkway Central,1,Northwest (Cedar Hill),12
2021-09-09,Cor Jesu Academy,0,Notre Dame (St. Louis),12
2021-09-09,Summit Christian Academy,3,Notre Dame de Sion,18
2021-09-09,Parkway South,12,Oakville,5
2021-09-09,Webb City,10,Owensville,0
2021-09-09,Webb City,8,Ozark,10
2021-09-09,Monroe City,4,Palmyra,1
2021-09-09,Glasgow,4,Pilot Grove,5
2021-09-09,Winnetonka,0,Platte County,15
2021-09-09,Mid-Buchanan,7,Plattsburg,4
2021-09-09,St. Elizabeth,5,Putnam County,2
2021-09-09,Oak Park,21,Raytown,7
2021-09-09,Logan-Rogersville,17,Reeds Spring,0
2021-09-09,Carl Junction,12,Republic,23
2021-09-09,Vienna,15,Salem,4
2021-09-09,Nevada,13,Seneca,2
2021-09-09,Community,3,Silex,15
2021-09-09,Hardin-Central,3,Salem,13
2021-09-09,Tuscumbia,7,Slater,8
2021-09-09,New Haven,21,St. Clair,2
2021-09-09,St. Joseph's Academy,6,St. Dominic,9
2021-09-09,Pacific,20,St. James,9
2021-09-09,Westminster Christian Academy,4,St. Joseph's Academy,9
2021-09-09,Benton,16,St. Pius X (Kansas City),0
2021-09-09,Lee's Summit,17,St. Teresa's Academy,2
2021-09-09,Northeast Nodaway,2,Vienna,4
2021-09-09,Ft. Zumwalt West,4,Timberland,1
2021-09-09,Gallatin,10,Trenton,8
2021-09-09,Francis Howell,0,Troy Buchanan,2
2021-09-09,Neelyville,6,St. Clair,2
2021-09-09,Hermann,0,Union,15
2021-09-09,Rosati-Kain,0,Valley Park,16
2021-09-09,Osage,6,Versailles,4
2021-09-09,Odessa,3,Warrensburg,5
2021-09-09,Halfway,8,Weaubleau,3
2021-09-09,East Buchanan,23,West Platte,15
2021-09-09,Scotland County,10,Westran,11
2021-09-09,Humansville,4,Wheatland,14
2021-09-09,Neosho,0,Willard,8
2021-09-09,Orchard Farm,5,Winfield,6
2021-09-09,North Harrison,6,Worth County,4
2021-09-10,Lutheran South,12,Affton,1
2021-09-10,Windsor (Imperial),18,Affton,2
2021-09-10,Salem,14,Alton,4
2021-09-10,Marion C. Early,7,Aurora,6
2021-09-10,Novinger,4,Bevier,14
2021-09-10,Slater,2,California,5
2021-09-10,Kickapoo,5,Carthage,0
2021-09-10,Richmond,8,Carthage,7
2021-09-10,Francis Howell Central,4,Carthage,2
2021-09-10,Nerinx Hall,19,Clayton,0
2021-09-10,Central (Springfield),21,Climax Springs,15
2021-09-10,Marion C. Early,15,Dadeville,0
2021-09-10,Vienna,0,Dixon,1
2021-09-10,Greenville,4,Doniphan,2
2021-09-10,Excelsior Springs,1,Eureka,14
2021-09-10,Monett,0,Eureka,15
2021-09-10,Ozark,4,Eureka,3
2021-09-10,Festus,0,Farmington,10
2021-09-10,Francis Howell North,2,Farmington,7
2021-09-10,Knob Noster,2,Festus,7
2021-09-10,Kickapoo,10,Francis Howell Central,7
2021-09-10,Richmond,1,Francis Howell Central,13
2021-09-10,Knob Noster,0,Francis Howell North,1
2021-09-10,Seckman,0,Ft. Zumwalt West,7
2021-09-10,St. Dominic,14,Ft. Zumwalt West,4
2021-09-10,Republic,2,Grain Valley,19
2021-09-10,Valley Park,17,Hancock,0
2021-09-10,Macks Creek,1,Hermitage,16
2021-09-10,Montrose,8,Humansville,18
2021-09-10,Belle,0,Iberia,9
2021-09-10,Cor Jesu Academy,7,Incarnate Word Academy,2
2021-09-10,Capital City,7,Jefferson City,2
2021-09-10,Richmond,6,Kickapoo,9
2021-09-10,Timberland,1,Lafayette (Wildwood),4
2021-09-10,Walnut Grove,2,Lebanon,14
2021-09-10,Staley,13,Liberty North,1
2021-09-10,Eugene,3,Linn,13
2021-09-10,Nixa,4,Marquette,6
2021-09-10,Rolla,4,Marquette,14
2021-09-10,Smithville,1,Marquette,5
2021-09-10,Lebanon,8,Marshfield,5
2021-09-10,Willard,1,McDonald County,3
2021-09-10,Excelsior Springs,4,Monett,8
2021-09-10,Ozark,15,Monett,3
2021-09-10,Kelly,7,Naylor,9
2021-09-10,Westran,17,Newburg,0
2021-09-10,Smithville,5,Nixa,2
2021-09-10,Lutheran South,8,North County,0
2021-09-10,Windsor (Imperial),17,North County,0
2021-09-10,Winfield,22,North Point,7
2021-09-10,Linn County,4,Northeast (Cairo),14
2021-09-10,East Carter,13,Norwood,0
2021-09-10,Excelsior Springs,0,Ozark,15
2021-09-10,St. Dominic,18,Pacific,2
2021-09-10,Liberty,9,Park Hill South,3
2021-09-10,Lindbergh,11,Parkway Central,4
2021-09-10,Westminster Christian Academy,2,Parkway West,19
2021-09-10,St. Charles,1,Pattonville,2
2021-09-10,Republic,8,Poplar Bluff,7
2021-09-10,Grain Valley,10,Poplar Bluff,0
2021-09-10,Raymore-Peculiar,8,Poplar Bluff,3
2021-09-10,Grain Valley,7,Raymore-Peculiar,1
2021-09-10,Republic,7,Raymore-Peculiar,8
2021-09-10,Parkway South,0,Rockwood Summit,11
2021-09-10,Nixa,6,Rolla,8
2021-09-10,Smithville,13,Rolla,5
2021-09-10,Glasgow,0,Schuyler County,10
2021-09-10,Fayette,6,Schuyler County,1
2021-09-10,Pacific,9,Seckman,12
2021-09-10,Ursuline Academy,6,St. Joseph's Academy,4
2021-09-10,New Bloomfield,27,Worth County,0
2021-09-10,Washington,2,Webb City,1
2021-09-10,Fatima,0,Troy Buchanan,4
2021-09-10,Richland,1,Tuscumbia,7
2021-09-10,Brentwood,0,University City,14
2021-09-10,Laquey,3,Waynesville,6
2021-09-10,Hermann,20,Wellsville-Middletown,5
2021-09-10,Leeton,1,Wheatland,2
2021-09-10,Warrenton,14,Wright City,5
2021-09-11,North County,15,Affton,1
2021-09-11,Central (Cape Girardeau),10,Alton,5
2021-09-11,Chaffee,18,Alton,3
2021-09-11,New Franklin,0,Atlanta,10
2021-09-11,Westran,7,Atlanta,8
2021-09-11,Fayette,8,Atlanta,0
2021-09-11,Dadeville,0,Aurora,16
2021-09-11,Marion C. Early,7,Aurora,6
2021-09-11,Marshfield,9,Aurora,7
2021-09-11,North Shelby,2,Brashear,0
2021-09-11,Novinger,2,Brashear,6
2021-09-11,Lawson,5,Cameron,3
2021-09-11,Lathrop,6,Cameron,0
2021-09-11,Polo,3,Carrollton,5
2021-09-11,Excelsior Springs,1,Carthage,4
2021-09-11,Poplar Bluff,2,Carthage,3
2021-09-11,Dora,1,Cassville,14
2021-09-11,Chaffee,11,Central (Cape Girardeau),7
2021-09-11,Moberly,0,Centralia,5
2021-09-11,Highland,1,Chillicothe,12
2021-09-11,Putnam County,1,Chillicothe,9
2021-09-11,St. Elizabeth,0,Chillicothe,16
2021-09-11,Kirksville,0,Chillicothe,9
2021-09-11,St. Elizabeth,9,Clark County,2
2021-09-11,Marceline,9,Clark County,2
2021-09-11,Highland,4,Clark County,5
2021-09-11,Fayette,12,Community,0
2021-09-11,Crocker,0,Community,14
2021-09-11,Madison,7,Crocker,8
2021-09-11,New Franklin,11,Crocker,1
2021-09-11,Walnut Grove,17,Dadeville,6
2021-09-11,Maysville,9,DeKalb,0
2021-09-11,Plattsburg,0,DeKalb,6
2021-09-11,Camdenton,8,Dixon,4
2021-09-11,Jefferson (Festus),0,East Carter,17
2021-09-11,Kickapoo,2,Eureka,12
2021-09-11,Smithville,1,Eureka,13
2021-09-11,Nixa,8,Excelsior Springs,0
2021-09-11,Knob Noster,0,Farmington,10
2021-09-11,St. Dominic,8,Farmington,12
2021-09-11,Notre Dame (St. Louis),0,Father Tolton,14
2021-09-11,Jamestown,1,Fayette,16
2021-09-11,Francis Howell North,6,Festus,5
2021-09-11,Seckman,14,Festus,4
2021-09-11,Grain Valley,10,Francis Howell Central,2
2021-09-11,Marquette,11,Francis Howell Central,4
2021-09-11,Pacific,0,Ft. Zumwalt West,14
2021-09-11,Francis Howell North,0,Ft. Zumwalt West,3
2021-09-11,Milan,11,Green City,4
2021-09-11,North Shelby,8,Green City,3
2021-09-11,Novinger,3,Green City,13
2021-09-11,St. Clair,1,Greenville,10
2021-09-11,Notre Dame (Cape Girardeau),6,Helias Catholic,9
2021-09-11,Rock Bridge,7,Jackson,1
2021-09-11,Helias Catholic,7,Jackson,0
2021-09-11,Madison,9,Jamestown,12
2021-09-11,New Franklin,8,Jamestown,2
2021-09-11,Raymore-Peculiar,2,Kickapoo,3
2021-09-11,St. Elizabeth,0,Kirksville,4
2021-09-11,Marceline,2,Kirksville,2
2021-09-11,Pacific,9,Knob Noster,4
2021-09-11,Polo,6,Lafayette County,1
2021-09-11,Meadville,2,Lafayette County,8
2021-09-11,Marion C. Early,8,Lebanon,7
2021-09-11,Pleasant Hill,3,Lee's Summit West,5
2021-09-11,St. Elizabeth,6,Marceline,9
2021-09-11,Ozark,3,Marquette,2
2021-09-11,Walnut Grove,2,Marshfield,17
2021-09-11,Plattsburg,0,Maysville,13
2021-09-11,Polo,18,Meadville,2
2021-09-11,North Harrison,11,Mercer,4
2021-09-11,Pattonsburg,5,Mercer,4
2021-09-11,Monroe City,6,Mexico,14
2021-09-11,Hallsville,12,Mexico,4
2021-09-11,North Shelby,0,Milan,1
2021-09-11,Richmond,11,Monett,6
2021-09-11,Republic,16,Monett,2
2021-09-11,Hallsville,5,Monroe City,2
2021-09-11,Pattonsburg,5,North Harrison,0
2021-09-11,West Platte,12,North Kansas City,0
2021-09-11,St. Pius X (Kansas City),3,North Kansas City,18
2021-09-11,Raytown South,2,North Kansas City,17
2021-09-11,Rock Bridge,11,Notre Dame (Cape Girardeau),0
2021-09-11,Tuscumbia,5,Owensville,13
2021-09-11,Grain Valley,8,Ozark,2
2021-09-11,Winston,2,Pattonsburg,12
2021-09-11,Nixa,6,Poplar Bluff,7
2021-09-11,Highland,4,Putnam County,3
2021-09-11,Clark County,5,Putnam County,6
2021-09-11,Smithville,2,Raymore-Peculiar,6
2021-09-11,West Platte,21,Raytown South,1
2021-09-11,St. Pius X (Kansas City),19,Raytown South,3
2021-09-11,Cassville,11,Reeds Spring,0
2021-09-11,Dora,20,Reeds Spring,3
2021-09-11,Republic,6,Rolla,9
2021-09-11,Richmond,5,Rolla,10
2021-09-11,St. Dominic,14,Seckman,0
2021-09-11,Worth County,15,St. James,0
2021-09-11,Jefferson (Festus),3,St. Pius X (Festus),11
2021-09-11,East Carter,5,St. Pius X (Festus),0
2021-09-11,Maysville,4,Trenton,6
2021-09-11,DeKalb,4,Trenton,6
2021-09-11,Plattsburg,3,Trenton,10
2021-09-11,Tuscumbia,3,Vienna,13
2021-09-11,Owensville,9,Vienna,12
2021-09-11,Logan-Rogersville,3,West Plains,1
2021-09-11,St. Pius X (Kansas City),0,West Platte,11
2021-09-11,Madison,3,Westran,15
2021-09-11,Community,11,Westran,4
2021-09-11,Lutheran South,0,Windsor (Imperial),5
2021-09-11,Warrenton,14,Wright City,5
2021-09-13,Fulton,5,Blair Oaks,3
2021-09-13,Hannibal,0,Bowling Green,10
2021-09-13,Rock Bridge,5,Capital City,6
2021-09-13,Seneca,6,Carl Junction,3
2021-09-13,Lawson,8,Carrollton,5
2021-09-13,Marshfield,1,Cassville,9
2021-09-13,North Shelby,2,Clopton,3
2021-09-13,St. James,4,Cuba,14
2021-09-13,Dora,1,Doniphan,13
2021-09-13,Alton,1,East Carter,11
2021-09-13,Osage,6,Eldon,3
2021-09-13,California,5,Eugene,0
2021-09-13,Seckman,6,Farmington,4
2021-09-13,Father Tolton,4,Fatima,7
2021-09-13,Oak Park,0,Fort Osage,10
2021-09-13,Marquette,10,Fox,4
2021-09-13,Kirkwood,7,Fox,14
2021-09-13,Francis Howell North,1,Francis Howell Central,6
2021-09-13,Washington,6,Ft. Zumwalt South,2
2021-09-13,Holt,6,Ft. Zumwalt South,11
2021-09-13,Bakersfield,3,Gainesville,4
2021-09-13,Richland,10,Halfway,8
2021-09-13,Meadville,5,Hardin-Central,7
2021-09-13,Schuyler County,4,Harrisburg,2
2021-09-13,Smithville,1,Hartville,11
2021-09-13,Orchard Farm,1,Hazelwood West,10
2021-09-13,Savannah,2,Helias Catholic,12
2021-09-13,Ft. Zumwalt West,3,Hickman,2
2021-09-13,Lindbergh,2,Hillsboro,10
2021-09-13,Parkway South,5,Hillsboro,3
2021-09-13,Washington,4,Holt,0
2021-09-13,Glasgow,2,Jamestown,12
2021-09-13,St. Clair,6,Jefferson (Festus),16
2021-09-13,Perryville,0,Kelly,5
2021-09-13,Marquette,9,Kirkwood,3
2021-09-13,Sherwood,7,Knob Noster,2
2021-09-13,Webster Groves,3,Lafayette (Wildwood),12
2021-09-13,Rockwood Summit,3,Lafayette (Wildwood),2
2021-09-13,Newburg,0,Laquey,10
2021-09-13,Benton,1,Lathrop,5
2021-09-13,Grain Valley,9,Lee's Summit,0
2021-09-13,Blue Springs,0,Liberty,2
2021-09-13,Lee's Summit North,6,Liberty North,7
2021-09-13,Parkway South,9,Lindbergh,13
2021-09-13,Highland,18,Louisiana,5
2021-09-13,DeSoto,0,Lutheran South,15
2021-09-13,Crocker,20,Macks Creek,0
2021-09-13,Kirksville,0,Macon,8
2021-09-13,Boonville,8,Marshall,6
2021-09-13,University City,16,McCluer North,5
2021-09-13,Lafayette (St. Joseph),0,Mid-Buchanan,2
2021-09-13,Brookfield,8,Milan,9
2021-09-13,Palmyra,1,Moberly,2
2021-09-13,Humansville,6,Montrose,16
2021-09-13,Central (Cape Girardeau),3,Neelyville,13
2021-09-13,McDonald County,7,Neosho,3
2021-09-13,Holden,7,Nevada,8
2021-09-13,Northeast Nodaway,2,North Andrew,3
2021-09-13,Chaffee,2,North County,11
2021-09-13,Vienna,10,North Platte,14
2021-09-13,Community,9,Northeast (Cairo),5
2021-09-13,Hancock,0,Notre Dame (St. Louis),15
2021-09-13,Lexington,1,Notre Dame de Sion,2
2021-09-13,Lee's Summit West,4,Park Hill,6
2021-09-13,Willow Springs,23,Parkview,5
2021-09-13,Nerinx Hall,3,Parkway Central,0
2021-09-13,Parkway North,6,Parkway West,4
2021-09-13,Affton,5,Pattonville,16
2021-09-13,Trenton,3,Penney,4
2021-09-13,Schuyler County,17,Pilot Grove,0
2021-09-13,Mercer,5,Princeton,7
2021-09-13,Blue Springs South,14,Raymore-Peculiar,1
2021-09-13,North Kansas City,7,Raytown,1
2021-09-13,Kearney,15,Raytown South,2
2021-09-13,Webster Groves,0,Rockwood Summit,10
2021-09-13,Webb City,3,Rolla,5
2021-09-13,Central (St. Joseph),11,Savannah,0
2021-09-13,Putnam County,8,Scotland County,3
2021-09-13,St. Clair,10,Sikeston,19
2021-09-13,Platte County,0,Smithville,3
2021-09-13,Hermann,0,Slater,12
2021-09-13,Plattsburg,0,St. Elizabeth,16
2021-09-13,West Platte,14,St. James,8
2021-09-13,La Plata,2,South Shelby,4
2021-09-13,Linn,2,Southern Boone,10
2021-09-13,Warrenton,2,St. Dominic,7
2021-09-13,Jefferson City,5,Van-Far,3
2021-09-13,Oak Grove,13,St. Michael the Archangel,6
2021-09-13,Westran,17,Worth County,0
2021-09-13,St. Pius X (Kansas City),22,Summit Christian Academy,10
2021-09-13,Liberty (Wentzville),1,Timberland,5
2021-09-13,Webb City,0,Troy Buchanan,6
2021-09-13,Staley,2,St. Charles,1
2021-09-13,Mehlville,2,Ursuline Academy,3
2021-09-13,Bishop DuBourg,0,Valley Park,15
2021-09-13,Greenville,11,Van Buren,5
2021-09-13,Hermitage,3,Walnut Grove,10
2021-09-13,Salem,5,Waynesville,4
2021-09-13,Marion County,19,Wellsville-Middletown,0
2021-09-13,St. Charles,10,Westminster Christian Academy,0
2021-09-13,Fair Play,3,Wheatland,18
2021-09-13,Belton,11,William Chrisman,1
2021-09-13,St. Pius X (Festus),3,Windsor (Imperial),13
2021-09-13,Ruskin,0,Winnetonka,15
2021-09-14,Worth County,8,Albany,3
2021-09-14,Salem,4,Belle,8
2021-09-14,Raytown South,0,Belton,12
2021-09-14,Lawson,5,Benton,3
2021-09-14,Summit Christian Academy,5,Bishop LeBlond,8
2021-09-14,Helias Catholic,0,Blair Oaks,9
2021-09-14,Liberty North,1,Blue Springs,11
2021-09-14,Liberty,2,Blue Springs South,14
2021-09-14,Marion C. Early,8,Bolivar,1
2021-09-14,Montgomery County,2,Bowling Green,3
2021-09-14,Republic,9,Branson,6
2021-09-14,Novinger,1,Brashear,11
2021-09-14,Penney,7,Brookfield,3
2021-09-14,Chillicothe,13,Cameron,0
2021-09-14,Sikeston,4,Central (Cape Girardeau),5
2021-09-14,Palmyra,9,Clark County,1
2021-09-14,North Callaway,1,Clopton,6
2021-09-14,Salem,2,Community,7
2021-09-14,Northeast Nodaway,2,DeKalb,1
2021-09-14,Festus,19,DeSoto,2
2021-09-14,Hartville,4,Dixon,2
2021-09-14,East Carter,4,Doniphan,2
2021-09-14,Alton,6,Dora,7
2021-09-14,Eugene,10,Eldon,4
2021-09-14,Warrensburg,4,Excelsior Springs,1
2021-09-14,Troy Buchanan,2,Ft. Zumwalt West,0
2021-09-14,Moberly,4,Fulton,3
2021-09-14,Madison,4,Glasgow,5
2021-09-14,Linn County,6,Green City,16
2021-09-14,Walnut Grove,1,Halfway,15
2021-09-14,Harrisburg,2,Hallsville,15
2021-09-14,Monroe City,6,Hannibal,2
2021-09-14,Pleasant Hill,7,Harrisonville,1
2021-09-14,Fair Play,2,Hermitage,7
2021-09-14,Canton,4,Highland,7
2021-09-14,Lafayette County,2,Holden,12
2021-09-14,Carthage,8,Joplin,0
2021-09-14,Greenville,0,Kelly,10
2021-09-14,Marquette,11,Lafayette (Wildwood),3
2021-09-14,Kickapoo,11,Lebanon,0
2021-09-14,Park Hill,0,Lee's Summit North,10
2021-09-14,Raymore-Peculiar,2,Lee's Summit West,12
2021-09-14,Knob Noster,4,Lexington,10
2021-09-14,Nevada,5,Logan-Rogersville,7
2021-09-14,Wheatland,22,Macks Creek,5
2021-09-14,Reeds Spring,1,Marshfield,17
2021-09-14,Milan,0,Maysville,1
2021-09-14,Seneca,0,McDonald County,8
2021-09-14,Atlanta,7,Meadville,0
2021-09-14,Centralia,5,Mexico,3
2021-09-14,Cassville,6,Monett,8
2021-09-14,Neelyville,6,Naylor,1
2021-09-14,Carl Junction,0,Neosho,15
2021-09-14,Linn,2,New Bloomfield,12
2021-09-14,Fayette,11,New Franklin,5
2021-09-14,Iberia,18,Newburg,1
2021-09-14,Ozark,2,Nixa,4
2021-09-14,Gateway Science Charter,0,North County,15
2021-09-14,Mehlville,1,Northwest (Cedar Hill),2
2021-09-14,Mid-Buchanan,16,Notre Dame de Sion,0
2021-09-14,Savannah,12,Osage,6
2021-09-14,Grain Valley,10,Park Hill South,8
2021-09-14,Hillcrest,15,Parkview,0
2021-09-14,Herculaneum,0,Perryville,15
2021-09-14,Grandview,1,Platte County,17
2021-09-14,St. Michael the Archangel,5,Plattsburg,6
2021-09-14,Notre Dame (Cape Girardeau),8,Poplar Bluff,9
2021-09-14,Gallatin,5,Princeton,2
2021-09-14,Polo,4,Putnam County,0
2021-09-14,Climax Springs,0,Richland,11
2021-09-14,Carrollton,15,Richmond,7
2021-09-14,Glendale,0,Rolla,7
2021-09-14,Paris,0,Schuyler County,15
2021-09-14,Maryville,0,Savannah,8
2021-09-14,Marceline,16,Schuyler County,1
2021-09-14,Knox County,11,Scotland County,19
2021-09-14,Jackson,5,Seckman,2
2021-09-14,Gainesville,5,Smithville,7
2021-09-14,Clinton,0,Sherwood,4
2021-09-14,Mark Twain,0,Silex,11
2021-09-14,Orchard Farm,3,St. Charles,13
2021-09-14,Notre Dame (St. Louis),2,St. Dominic,11
2021-09-14,Oakville,2,St. Joseph's Academy,0
2021-09-14,Lafayette (St. Joseph),17,St. Pius X (Kansas City),4
2021-09-14,North Andrew,9,Vienna,6
2021-09-14,Pilot Grove,18,Worth County,3
2021-09-14,Union,0,Webb City,8
2021-09-14,St. Elizabeth,7,Trenton,5
2021-09-14,Mercer,7,Tri-County,3
2021-09-14,Fatima,12,Tuscumbia,0
2021-09-14,Chaffee,6,St. Clair,7
2021-09-14,Norwood,1,Van Buren,8
2021-09-14,Elsberry,6,Van-Far,0
2021-09-14,California,5,Versailles,6
2021-09-14,Cuba,4,Vienna,5
2021-09-14,Winfield,5,Warrenton,6
2021-09-14,Central (Springfield),0,Waynesville,15
2021-09-14,Humansville,4,Weaubleau,15
2021-09-14,Willard,10,Webb City,4
2021-09-14,Camdenton,1,West Plains,5
2021-09-14,St. Teresa's Academy,4,William Chrisman,6
2021-09-15,Lutheran South,4,Affton,3
2021-09-15,McDonald County,1,Carthage,2
2021-09-15,Pacific,1,Eureka,11
2021-09-15,Fox,9,Festus,3
2021-09-15,Excelsior Springs,0,Fort Osage,8
2021-09-15,Lindbergh,7,Fox,4
2021-09-15,Rockwood Summit,14,Fox,1
2021-09-15,Ft. Zumwalt South,15,Ft. Zumwalt North,7
2021-09-15,Lafayette (Wildwood),8,Ft. Zumwalt South,6
2021-09-15,Hillsboro,7,Ft. Zumwalt South,0
2021-09-15,Fox,1,Ft. Zumwalt South,6
2021-09-15,Francis Howell Central,11,Ft. Zumwalt West,8
2021-09-15,Logan-Rogersville,6,Glendale,7
2021-09-15,Moberly,1,Hallsville,11
2021-09-15,Clark County,14,Hannibal,4
2021-09-15,Rosati-Kain,0,Hazelwood West,19
2021-09-15,Washington,1,Hillsboro,11
2021-09-15,Marquette,1,Hillsboro,0
2021-09-15,Farmington,1,Jackson,5
2021-09-15,Rock Bridge,12,Jefferson City,6
2021-09-15,Oak Park,5,Kearney,7
2021-09-15,Central (Cape Girardeau),4,Kelly,14
2021-09-15,Parkway South,8,Kirkwood,6
2021-09-15,Lindbergh,7,Lafayette (Wildwood),12
2021-09-15,Marquette,11,Lafayette (Wildwood),3
2021-09-15,Lebanon,7,Leeton,4
2021-09-15,Washington,6,Lindbergh,3
2021-09-15,Rockwood Summit,3,Marquette,0
2021-09-15,Oakville,6,Mehlville,2
2021-09-15,Cor Jesu Academy,3,Nerinx Hall,13
2021-09-15,Notre Dame (Cape Girardeau),14,North County,1
2021-09-15,Grandview,0,North Kansas City,18
2021-09-15,Community,12,Paris,2
2021-09-15,Ritenour,0,Pattonville,15
2021-09-15,Washington,6,Rockwood Summit,7
2021-09-15,Union,0,Rolla,4
2021-09-15,Orchard Farm,3,St. Charles,13
2021-09-15,Father Tolton,11,St. Joseph's Academy,0
2021-09-15,Lafayette County,12,St. Michael the Archangel,5
2021-09-15,Hancock,0,St. Pius X (Festus),23
2021-09-15,Notre Dame de Sion,4,St. Teresa's Academy,6
2021-09-15,Iberia,17,Westran,2
2021-09-15,Pleasant Hill,3,St. Charles,1
2021-09-15,Louisiana,1,Van-Far,11
2021-09-15,Holt,19,Webster Groves,6
2021-09-15,Harrisburg,10,Westran,12
2021-09-15,Northwest (Cedar Hill),3,Windsor (Imperial),4
2021-09-16,Mehlville,16,Affton,2
2021-09-16,Vienna,13,Belle,0
2021-09-16,Atlanta,13,Bevier,0
2021-09-16,Lafayette (St. Joseph),5,Bishop LeBlond,2
2021-09-16,Boonville,0,Blair Oaks,5
2021-09-16,Camdenton,6,Bolivar,11
2021-09-16,Palmyra,5,Bowling Green,2
2021-09-16,Gateway Science Charter,23,Brentwood,5
2021-09-16,St. Pius X (Kansas City),0,Cameron,15
2021-09-16,Hickman,0,Capital City,1
2021-09-16,Willard,10,Carl Junction,0
2021-09-16,Lexington,7,Carrollton,16
2021-09-16,Republic,5,Carthage,0
2021-09-16,McDonald County,12,Cassville,1
2021-09-16,North County,10,Central (Cape Girardeau),4
2021-09-16,West Plains,20,Central (Springfield),2
2021-09-16,Lee's Summit,8,Central (St. Joseph),5
2021-09-16,Brookfield,4,Centralia,9
2021-09-16,Savannah,0,Chillicothe,3
2021-09-16,Lindbergh,19,Cor Jesu Academy,0
2021-09-16,Westran,13,Crocker,1
2021-09-16,Walnut Grove,2,Dadeville,17
2021-09-16,Climax Springs,0,Dixon,14
2021-09-16,East Carter,16,Dora,4
2021-09-16,North Callaway,7,Elsberry,3
2021-09-16,Rockwood Summit,6,Eureka,7
2021-09-16,Halfway,18,Fair Play,0
2021-09-16,Westran,1,Fayette,9
2021-09-16,Rockwood Summit,14,Fox,1
2021-09-16,Liberty (Wentzville),3,Francis Howell North,12
2021-09-16,Farmington,16,Fredericktown,0
2021-09-16,Ft. Zumwalt South,15,Ft. Zumwalt North,7
2021-09-16,Francis Howell Central,11,Ft. Zumwalt West,8
2021-09-16,Maysville,2,Gallatin,0
2021-09-16,Waynesville,1,Glendale,11
2021-09-16,Fort Osage,0,Grain Valley,10
2021-09-16,Scotland County,3,Harrisburg,2
2021-09-16,Clinton,3,Harrisonville,11
2021-09-16,Ft. Zumwalt East,14,Hazelwood West,5
2021-09-16,Festus,16,Herculaneum,7
2021-09-16,Pacific,11,Hermann,0
2021-09-16,Rolla,23,Hillcrest,1
2021-09-16,St. Dominic,14,Incarnate Word Academy,0
2021-09-16,Pilot Grove,8,Jamestown,4
2021-09-16,Nixa,2,Joplin,1
2021-09-16,Parkview,0,Kickapoo,21
2021-09-16,Highland,0,Kirksville,5
2021-09-16,Lafayette County,13,Knob Noster,9
2021-09-16,Schuyler County,7,Knox County,0
2021-09-16,Clark County,0,La Plata,8
2021-09-16,Mid-Buchanan,4,Lathrop,5
2021-09-16,East Buchanan,1,Lawson,15
2021-09-16,Blue Springs,0,Lee's Summit North,1
2021-09-16,Lee's Summit West,0,Liberty,10
2021-09-16,Blue Springs South,3,Liberty North,4
2021-09-16,Wellsville-Middletown,1,Louisiana,17
2021-09-16,Schuyler County,1,Marceline,6
2021-09-16,Van-Far,8,Mark Twain,6
2021-09-16,Rockwood Summit,3,Marquette,0
2021-09-16,Willow Springs,1,Marshfield,11
2021-09-16,Benton,5,Maryville,2
2021-09-16,Fulton,9,Mexico,10
2021-09-16,Marshall,1,Moberly,2
2021-09-16,South Shelby,1,Monroe City,11
2021-09-16,Clopton,8,Montgomery County,10
2021-09-16,Weaubleau,22,Montrose,6
2021-09-16,Poplar Bluff,12,Naylor,1
2021-09-16,St. Clair,3,Neelyville,7
2021-09-16,Ozark,10,Neosho,0
2021-09-16,Helias Catholic,8,New Bloomfield,0
2021-09-16,Paris,3,New Franklin,7
2021-09-16,North Harrison,3,North Andrew,5
2021-09-16,Linn County,0,North Shelby,3
2021-09-16,Glasgow,15,Northeast (Cairo),11
2021-09-16,Kirkwood,5,Northwest (Cedar Hill),6
2021-09-16,Hartville,10,Norwood,4
2021-09-16,Excelsior Springs,0,Oak Grove,10
2021-09-16,North Kansas City,1,Oak Park,7
2021-09-16,Eugene,10,Osage,2
2021-09-16,Bayless,0,Parkway South,15
2021-09-16,Worth County,4,Pattonsburg,5
2021-09-16,Plattsburg,7,Penney,9
2021-09-16,Jefferson (Festus),0,Perryville,11
2021-09-16,Warrensburg,0,Pleasant Hill,2
2021-09-16,Trenton,1,Polo,11
2021-09-16,Princeton,1,Putnam County,6
2021-09-16,Platte County,15,Raytown South,0
2021-09-16,Monett,19,Reeds Spring,6
2021-09-16,Holden,15,Richmond,0
2021-09-16,University City,1,Ritenour,16
2021-09-16,Troy Buchanan,2,Rock Bridge,12
2021-09-16,Washington,6,Rockwood Summit,7
2021-09-16,Grandview,3,Ruskin,18
2021-09-16,Cuba,10,Salem,5
2021-09-16,Logan-Rogersville,7,Seneca,2
2021-09-16,Nevada,2,Sherwood,0
2021-09-16,Wright City,4,Silex,19
2021-09-16,Higbee,8,Salem,7
2021-09-16,Hallsville,17,Slater,0
2021-09-16,Milan,2,St. Elizabeth,6
2021-09-16,DeKalb,13,St. James,2
2021-09-16,California,1,Southern Boone,12
2021-09-16,Westminster Christian Academy,6,St. Charles,7
2021-09-16,Ft. Zumwalt East,10,St. Charles,0
2021-09-16,Webb City,17,St. Clair,0
2021-09-16,Bishop DuBourg,1,St. Joseph's Academy,13
2021-09-16,Park Hill South,10,Staley,9
2021-09-16,Hazelwood East,26,STEAM Academy,4
2021-09-16,Madison,17,Worth County,2
2021-09-16,St. Michael the Archangel,20,Summit Christian Academy,15
2021-09-16,Francis Howell,0,Timberland,3
2021-09-16,William Chrisman,5,St. Charles,14
2021-09-16,New Haven,2,Union,7
2021-09-16,Richland,4,Versailles,14
2021-09-16,Branson,8,Webb City,10
2021-09-16,North Platte,15,West Platte,5
2021-09-17,Hancock,0,Affton,17
2021-09-17,Branson,9,Aurora,3
2021-09-17,Brentwood,1,Bayless,15
2021-09-17,Crocker,1,Belle,12
2021-09-17,Marceline,0,Blair Oaks,8
2021-09-17,Fort Osage,2,Blue Springs,7
2021-09-17,Blue Springs South,3,Blue Springs,1
2021-09-17,Oak Park,0,Blue Springs South,15
2021-09-17,La Plata,3,Brashear,1
2021-09-17,Cameron,7,Camdenton,5
2021-09-17,Timberland,12,Camdenton,0
2021-09-17,Timberland,11,Cameron,0
2021-09-17,Joplin,5,Cassville,3
2021-09-17,Bolivar,4,Cassville,1
2021-09-17,Wheatland,9,Clinton,8
2021-09-17,Worth County,4,Community,19
2021-09-17,North County,12,DeSoto,0
2021-09-17,Notre Dame (St. Louis),1,East Carter,12
2021-09-17,Lebanon,7,Eldon,6
2021-09-17,Lee's Summit,4,Farmington,3
2021-09-17,Jefferson City,4,Farmington,19
2021-09-17,Capital City,2,Fatima,4
2021-09-17,East Carter,8,Festus,0
2021-09-17,Notre Dame (St. Louis),6,Festus,10
2021-09-17,Jefferson (Festus),2,Festus,17
2021-09-17,Liberty (Wentzville),3,Francis Howell North,12
2021-09-17,St. Pius X (Festus),4,Fredericktown,5
2021-09-17,Troy Buchanan,2,Ft. Zumwalt West,0
2021-09-17,Osage,1,Fulton,13
2021-09-17,St. Charles,2,Fulton,9
2021-09-17,Branson,0,Glendale,4
2021-09-17,Aurora,5,Glendale,6
2021-09-17,William Chrisman,3,Harrisonville,7
2021-09-17,Rock Bridge,16,Harrisonville,1
2021-09-17,Dadeville,6,Hartville,15
2021-09-17,Westminster Christian Academy,8,Hazelwood West,9
2021-09-17,Valley Park,12,Herculaneum,3
2021-09-17,Weaubleau,6,Hermitage,7
2021-09-17,Neosho,7,Hillcrest,0
2021-09-17,West Plains,18,Hillcrest,2
2021-09-17,Neelyville,4,Iberia,6
2021-09-17,Macon,11,Jefferson City,1
2021-09-17,Bolivar,3,Joplin,9
2021-09-17,Webb City,7,Kirksville,6
2021-09-17,Oakville,4,Kirksville,6
2021-09-17,Fatima,7,Lee's Summit North,5
2021-09-17,Notre Dame (Cape Girardeau),4,Lee's Summit North,7
2021-09-17,Silex,7,Liberty (Wentzville),4
2021-09-17,Tuscumbia,0,Linn,8
2021-09-17,Marion C. Early,16,Macks Creek,0
2021-09-17,Lee's Summit,1,Macon,0
2021-09-17,Helias Catholic,4,Marceline,1
2021-09-17,Cor Jesu Academy,3,Marquette,9
2021-09-17,Leeton,14,Montrose,5
2021-09-17,Vienna,18,Newburg,0
2021-09-17,Westran,0,Nixa,16
2021-09-17,Lafayette (Wildwood),5,Northwest (Cedar Hill),3
2021-09-17,Capital City,2,Notre Dame (Cape Girardeau),0
2021-09-17,Fort Osage,11,Oak Park,3
2021-09-17,Father Tolton,2,Oakville,13
2021-09-17,St. Charles,7,Osage,3
2021-09-17,Blair Oaks,2,Ozark,9
2021-09-17,Helias Catholic,5,Ozark,4
2021-09-17,Willard,5,Park Hill South,2
2021-09-17,Warrensburg,4,Park Hill South,3
2021-09-17,Marshfield,26,Parkview,0
2021-09-17,Ladue Horton Watkins,3,Parkway Central,13
2021-09-17,McCluer North,0,Parkway North,15
2021-09-17,North Point,0,Pattonville,7
2021-09-17,Liberty North,15,Raytown,0
2021-09-17,Smithville,13,Raytown,0
2021-09-17,Ft. Zumwalt North,5,Ritenour,11
2021-09-17,Eldon,14,Seneca,2
2021-09-17,Lebanon,5,Seneca,6
2021-09-17,Laquey,9,Smithville,3
2021-09-17,Jefferson (Festus),1,Sikeston,8
2021-09-17,Staley,7,Smithville,1
2021-09-17,Nixa,7,Southern Boone,2
2021-09-17,Westran,0,Southern Boone,18
2021-09-17,Ft. Zumwalt East,10,St. Charles,0
2021-09-17,Notre Dame de Sion,3,Van-Far,16
2021-09-17,Liberty North,2,Staley,4
2021-09-17,Father Tolton,5,Webb City,6
2021-09-17,Hillsboro,14,Union,0
2021-09-17,Willard,8,Warrensburg,7
2021-09-17,Francis Howell Central,5,Warrenton,1
2021-09-17,William Chrisman,2,Webb City,10
2021-09-17,Rock Bridge,6,Webb City,4
2021-09-17,Fox,4,Webster Groves,6
2021-09-17,Clopton,15,Wellsville-Middletown,0
2021-09-17,Neosho,9,West Plains,1
2021-09-17,Seckman,5,Windsor (Imperial),11
2021-09-18,Naylor,10,Alton,6
2021-09-18,Norwood,7,Alton,3
2021-09-18,Bakersfield,6,Alton,10
2021-09-18,Seneca,8,Aurora,4
2021-09-18,Hillcrest,7,Aurora,8
2021-09-18,Cassville,8,Aurora,7
2021-09-18,Gainesville,8,Bakersfield,4
2021-09-18,Bishop LeBlond,1,Benton,13
2021-09-18,North Shelby,13,Bevier,1
2021-09-18,Linn County,2,Bevier,19
2021-09-18,Marion County,5,Bevier,4
2021-09-18,Warrensburg,3,Blue Springs,7
2021-09-18,Liberty North,9,Blue Springs,8
2021-09-18,Staley,0,Blue Springs South,4
2021-09-18,Willard,0,Blue Springs South,10
2021-09-18,West Plains,6,Bolivar,2
2021-09-18,Lebanon,6,Bolivar,4
2021-09-18,Branson,13,Bolivar,4
2021-09-18,Mexico,15,Boonville,7
2021-09-18,Osage,1,Camdenton,3
2021-09-18,Notre Dame de Sion,4,Camdenton,7
2021-09-18,Smithville,8,Carl Junction,9
2021-09-18,Hillcrest,1,Cassville,8
2021-09-18,Seneca,5,Cassville,3
2021-09-18,Benton,1,Central (St. Joseph),15
2021-09-18,Bishop LeBlond,0,Central (St. Joseph),17
2021-09-18,Lafayette (St. Joseph),4,Central (St. Joseph),19
2021-09-18,Weaubleau,6,Clinton,11
2021-09-18,Montrose,0,Clinton,12
2021-09-18,New Bloomfield,13,Community,14
2021-09-18,Neelyville,3,Cuba,4
2021-09-18,Willow Springs,12,Dora,4
2021-09-18,Norwood,6,Dora,5
2021-09-18,Neosho,5,Eldon,1
2021-09-18,Lee's Summit North,6,Farmington,5
2021-09-18,Oakville,3,Farmington,12
2021-09-18,Helias Catholic,1,Fatima,2
2021-09-18,Worth County,0,Fayette,15
2021-09-18,Harrisburg,0,Fayette,6
2021-09-18,Jefferson (Festus),2,Festus,17
2021-09-18,Sikeston,2,Festus,6
2021-09-18,Valley Park,11,Fredericktown,9
2021-09-18,Herculaneum,8,Fredericktown,10
2021-09-18,Nixa,1,Fulton,2
2021-09-18,Timberland,4,Fulton,6
2021-09-18,Naylor,10,Gainesville,0
2021-09-18,Hartville,3,Gainesville,4
2021-09-18,Harrisburg,14,Glasgow,3
2021-09-18,Worth County,3,Glasgow,6
2021-09-18,Jamestown,6,Glasgow,2
2021-09-18,Eldon,0,Glendale,3
2021-09-18,Neosho,5,Glendale,2
2021-09-18,Joplin,3,Glendale,5
2021-09-18,Marshall,4,Hannibal,9
2021-09-18,Jamestown,4,Harrisburg,14
2021-09-18,Smithville,14,Harrisonville,2
2021-09-18,Fort Osage,10,Harrisonville,1
2021-09-18,Norwood,8,Hartville,10
2021-09-18,Willow Springs,10,Hartville,5
2021-09-18,St. Pius X (Festus),12,Herculaneum,2
2021-09-18,Marion C. Early,5,Hermitage,3
2021-09-18,Wheatland,6,Hermitage,7
2021-09-18,Seneca,5,Hillcrest,4
2021-09-18,Father Tolton,1,Jefferson City,8
2021-09-18,Marceline,11,Jefferson City,2
2021-09-18,Neosho,4,Joplin,6
2021-09-18,Eldon,7,Joplin,3
2021-09-18,Macon,2,Kirksville,3
2021-09-18,Capital City,3,Kirksville,6
2021-09-18,Bishop LeBlond,1,Lafayette (St. Joseph),12
2021-09-18,Benton,10,Lafayette (St. Joseph),3
2021-09-18,Putnam County,2,Lawson,3
2021-09-18,Branson,6,Lebanon,14
2021-09-18,Webb City,9,Lee's Summit,0
2021-09-18,Helias Catholic,6,Lee's Summit,0
2021-09-18,Blair Oaks,2,Lee's Summit North,3
2021-09-18,Marion C. Early,0,Leeton,1
2021-09-18,Wheatland,1,Leeton,8
2021-09-18,Bowling Green,6,Liberty (Wentzville),0
2021-09-18,Mark Twain,5,Linn County,4
2021-09-18,Weaubleau,25,Macks Creek,5
2021-09-18,Ozark,9,Macon,7
2021-09-18,Notre Dame (Cape Girardeau),4,Marceline,6
2021-09-18,Scotland County,10,Marion County,0
2021-09-18,North Shelby,10,Mark Twain,0
2021-09-18,Scotland County,6,Mark Twain,14
2021-09-18,Washington,1,Marquette,0
2021-09-18,Northeast Nodaway,3,Maryville,2
2021-09-18,North Andrew,6,Maryville,3
2021-09-18,Vienna,8,Maryville,5
2021-09-18,Northeast (Cairo),1,Moberly,9
2021-09-18,Schuyler County,6,Moberly,7
2021-09-18,Community,5,Moberly,6
2021-09-18,Macks Creek,0,Montrose,15
2021-09-18,Willow Springs,5,Naylor,12
2021-09-18,Van-Far,1,Nixa,7
2021-09-18,Northeast Nodaway,7,North Andrew,5
2021-09-18,Vienna,5,North Andrew,14
2021-09-18,Community,13,North Callaway,10
2021-09-18,New Bloomfield,15,North Callaway,0
2021-09-18,Northeast (Cairo),14,North Callaway,8
2021-09-18,Van-Far,0,North Shelby,12
2021-09-18,Vienna,11,Northeast Nodaway,5
2021-09-18,Father Tolton,0,Notre Dame (Cape Girardeau),10
2021-09-18,Jefferson (Festus),0,Notre Dame (St. Louis),17
2021-09-18,Raytown,0,Oak Park,15
2021-09-18,Blair Oaks,7,Oakville,0
2021-09-18,Westran,1,Osage,19
2021-09-18,Capital City,2,Ozark,1
2021-09-18,Marion County,4,Paris,1
2021-09-18,Van-Far,8,Paris,6
2021-09-18,Fort Osage,2,Park Hill South,5
2021-09-18,Smithville,3,Park Hill South,4
2021-09-18,Lutheran South,8,Parkway North,9
2021-09-18,Ft. Zumwalt East,16,Pattonville,8
2021-09-18,William Chrisman,12,Raytown,14
2021-09-18,Carl Junction,10,Reeds Spring,7
2021-09-18,Smithville,18,Reeds Spring,8
2021-09-18,Staley,7,Rock Bridge,1
2021-09-18,Cuba,9,Salem,5
2021-09-18,Neelyville,12,Salem,3
2021-09-18,Northeast (Cairo),1,Schuyler County,12
2021-09-18,New Bloomfield,4,Schuyler County,5
2021-09-18,Van-Far,9,Scotland County,4
2021-09-18,Notre Dame (St. Louis),6,Sikeston,7
2021-09-18,Jefferson (Festus),1,Sikeston,8
2021-09-18,Fayette,19,Salem,0
2021-09-18,Worth County,5,Salem,15
2021-09-18,Jamestown,9,Salem,4
2021-09-18,Versailles,14,Slater,0
2021-09-18,New Haven,5,Slater,2
2021-09-18,St. Charles,3,Southern Boone,7
2021-09-18,North Point,0,St. Charles,9
2021-09-18,Timberland,6,Van-Far,2
2021-09-18,Salem,7,St. James,8
2021-09-18,Neelyville,18,St. James,1
2021-09-18,Cuba,11,St. James,14
2021-09-18,Notre Dame de Sion,10,Westran,1
2021-09-18,Fatima,3,Webb City,6
2021-09-18,Cameron,9,St. Charles,1
2021-09-18,St. Pius X (Festus),9,Valley Park,14
2021-09-18,Webb City,9,Warrensburg,8
2021-09-18,Liberty North,7,Webb City,4
2021-09-18,Branson,4,West Plains,5
2021-09-18,Lebanon,2,West Plains,6
2021-09-18,Rock Bridge,1,Willard,0
2021-09-20,Valley Park,11,Affton,1
2021-09-20,Mercer,7,Albany,4
2021-09-20,Willow Springs,14,Alton,3
2021-09-20,Marshfield,6,Aurora,0
2021-09-20,St. Charles,3,Belton,4
2021-09-20,Versailles,0,Blair Oaks,5
2021-09-20,Blue Springs,5,Blue Springs South,0
2021-09-20,Fulton,0,Boonville,10
2021-09-20,Knox County,4,Brashear,3
2021-09-20,Lafayette (St. Joseph),3,Cameron,4
2021-09-20,Highland,3,Canton,1
2021-09-20,Smithville,4,Cassville,14
2021-09-20,East Carter,9,Chaffee,5
2021-09-20,Brookfield,0,Clark County,2
2021-09-20,Humansville,20,Climax Springs,11
2021-09-20,Laquey,10,Crocker,12
2021-09-20,Vienna,13,Cuba,0
2021-09-20,St. James,8,Dixon,4
2021-09-20,St. Clair,2,Doniphan,0
2021-09-20,Capital City,26,Eldon,6
2021-09-20,Palmyra,8,Elsberry,1
2021-09-20,Kirkwood,7,Eureka,15
2021-09-20,North County,9,Festus,7
2021-09-20,Raytown,1,Fort Osage,6
2021-09-20,Webster Groves,1,Francis Howell,7
2021-09-20,Webb City,2,Ft. Zumwalt West,1
2021-09-20,Reeds Spring,6,Gainesville,3
2021-09-20,Central (Cape Girardeau),2,Greenville,4
2021-09-20,North Callaway,2,Hallsville,13
2021-09-20,Putnam County,20,Harrisburg,5
2021-09-20,Bishop DuBourg,9,Herculaneum,5
2021-09-20,Incarnate Word Academy,0,Hillsboro,10
2021-09-20,Rock Bridge,13,Holt,3
2021-09-20,Osage,5,Iberia,4
2021-09-20,Seneca,2,Joplin,9
2021-09-20,Republic,7,Kickapoo,2
2021-09-20,Hannibal,1,Kirksville,11
2021-09-20,California,14,Knob Noster,11
2021-09-20,St. Joseph's Academy,17,Ladue Horton Watkins,0
2021-09-20,Oak Park,0,Lee's Summit,10
2021-09-20,Liberty North,1,Lee's Summit West,4
2021-09-20,Sherwood,1,Leeton,0
2021-09-20,Chillicothe,14,Lexington,1
2021-09-20,Rockwood Summit,17,Lindbergh,0
2021-09-20,Meadville,9,Linn County,11
2021-09-20,Bolivar,3,Logan-Rogersville,4
2021-09-20,North Shelby,13,Louisiana,1
2021-09-20,Madison,1,Mark Twain,17
2021-09-20,Oakville,3,Marquette,2
2021-09-20,Mexico,12,Marshall,4
2021-09-20,Notre Dame (St. Louis),4,Mehlville,13
2021-09-20,Carl Junction,11,Monett,21
2021-09-20,Centralia,8,Monroe City,9
2021-09-20,Eugene,8,Montgomery County,1
2021-09-20,Ursuline Academy,1,Nerinx Hall,4
2021-09-20,Community,6,New Franklin,3
2021-09-20,McDonald County,7,Nixa,5
2021-09-20,Staley,14,North Kansas City,1
2021-09-20,Parkview,0,Norwood,15
2021-09-20,Sikeston,0,Notre Dame (Cape Girardeau),1
2021-09-20,North Point,9,Orchard Farm,8
2021-09-20,Marceline,11,Paris,1
2021-09-20,Central (St. Joseph),12,Park Hill South,4
2021-09-20,Parkway Central,6,Parkway North,9
2021-09-20,Lafayette (Wildwood),4,Parkway South,3
2021-09-20,Parkway West,11,Pattonville,2
2021-09-20,Fredericktown,0,Perryville,10
2021-09-20,Farmington,21,Poplar Bluff,3
2021-09-20,Lee's Summit North,2,Raymore-Peculiar,1
2021-09-20,Raytown South,19,Ruskin,6
2021-09-20,Lebanon,3,Salem,1
2021-09-20,North Platte,17,Savannah,18
2021-09-20,Fayette,11,Scotland County,0
2021-09-20,Northwest (Cedar Hill),7,Seckman,0
2021-09-20,Macon,19,South Shelby,2
2021-09-20,Ritenour,2,St. Charles,7
2021-09-20,Francis Howell Central,17,St. Dominic,10
2021-09-20,Linn,10,Van-Far,8
2021-09-20,Pacific,6,St. Joseph's Academy,7
2021-09-20,Atlanta,13,Worth County,0
2021-09-20,Hancock,6,University City,15
2021-09-20,Naylor,8,Van Buren,6
2021-09-20,Fair Play,11,Walnut Grove,16
2021-09-20,Macks Creek,4,Weaubleau,23
2021-09-20,Halfway,3,Wheatland,2
2021-09-20,Grain Valley,14,William Chrisman,0
2021-09-20,Grandview,2,Winnetonka,11
2021-09-21,Brashear,0,Atlanta,4
2021-09-21,Reeds Spring,6,Aurora,16
2021-09-21,Hancock,3,Bayless,15
2021-09-21,East Buchanan,17,Benton,10
2021-09-21,Osage,2,Blair Oaks,12
2021-09-21,Lee's Summit West,4,Blue Springs,2
2021-09-21,Silex,3,Bowling Green,2
2021-09-21,Webb City,15,Carl Junction,3
2021-09-21,Neosho,2,Carthage,7
2021-09-21,Halfway,18,Central (Springfield),0
2021-09-21,Staley,4,Central (St. Joseph),3
2021-09-21,Louisiana,3,Clopton,13
2021-09-21,Belle,1,Cuba,11
2021-09-21,Hillsboro,17,DeSoto,0
2021-09-21,Van Buren,0,East Carter,16
2021-09-21,Tuscumbia,1,Eugene,8
2021-09-21,Central (Cape Girardeau),1,Farmington,21
2021-09-21,Hallsville,6,Father Tolton,7
2021-09-21,New Bloomfield,0,Fatima,7
2021-09-21,Ft. Zumwalt East,5,Ft. Zumwalt South,4
2021-09-21,St. Elizabeth,6,Gallatin,7
2021-09-21,New Franklin,5,Glasgow,0
2021-09-21,Camdenton,10,Glendale,5
2021-09-21,Smithville,15,Grandview,0
2021-09-21,Highland,14,Hannibal,0
2021-09-21,Southern Boone,2,Helias Catholic,4
2021-09-21,Wheatland,15,Hermitage,5
2021-09-21,Jefferson City,2,Hickman,3
2021-09-21,Bolivar,14,Hillcrest,5
2021-09-21,Carrollton,9,Holden,2
2021-09-21,Timberland,12,Holt,1
2021-09-21,Platte County,22,Kearney,11
2021-09-21,Richmond,14,Knob Noster,6
2021-09-21,Fayette,10,Knox County,4
2021-09-21,Bevier,0,La Plata,10
2021-09-21,Penney,1,Lafayette (St. Joseph),12
2021-09-21,Lexington,0,Lafayette County,10
2021-09-21,Blue Springs South,4,Lee's Summit North,1
2021-09-21,Humansville,3,Leeton,18
2021-09-21,Raymore-Peculiar,1,Liberty,5
2021-09-21,Mehlville,9,Lindbergh,7
2021-09-21,Slater,13,Linn,0
2021-09-21,Canton,0,Macon,2
2021-09-21,North Shelby,2,Marion County,0
2021-09-21,Seneca,2,Marshfield,12
2021-09-21,Chillicothe,13,Maryville,0
2021-09-21,Putnam County,0,Maysville,4
2021-09-21,Trenton,4,Milan,8
2021-09-21,Mexico,1,Moberly,0
2021-09-21,Nevada,15,Monett,0
2021-09-21,Sikeston,5,Neelyville,13
2021-09-21,Hermann,1,New Haven,16
2021-09-21,Branson,2,Nixa,7
2021-09-21,Perryville,9,North County,6
2021-09-21,Albany,2,North Harrison,13
2021-09-21,Lee's Summit,15,North Kansas City,2
2021-09-21,North Andrew,1,North Platte,4
2021-09-21,Worth County,1,Northeast (Cairo),16
2021-09-21,St. James,0,Northeast Nodaway,15
2021-09-21,Rockwood Summit,11,Northwest (Cedar Hill),0
2021-09-21,Gainesville,1,Norwood,3
2021-09-21,Belton,16,Notre Dame de Sion,4
2021-09-21,Park Hill South,17,Oak Park,1
2021-09-21,St. Clair,1,Owensville,11
2021-09-21,Joplin,3,Ozark,4
2021-09-21,Union,13,Pacific,11
2021-09-21,South Shelby,1,Palmyra,14
2021-09-21,Parkway South,15,Parkway Central,0
2021-09-21,Mid-Buchanan,7,Plattsburg,4
2021-09-21,Oak Grove,5,Pleasant Hill,15
2021-09-21,Princeton,2,Polo,5
2021-09-21,Jackson,2,Poplar Bluff,1
2021-09-21,Grain Valley,18,Raytown,1
2021-09-21,Winnetonka,1,Raytown South,11
2021-09-21,Dixon,7,Richland,3
2021-09-21,Nerinx Hall,8,Ritenour,7
2021-09-21,Parkview,0,Rolla,21
2021-09-21,Schuyler County,10,Schuyler County,5
2021-09-21,Paris,0,Scotland County,10
2021-09-21,Eldon,9,Savannah,4
2021-09-21,Savannah,24,St. Pius X (Kansas City),1
2021-09-21,Pattonsburg,13,Vienna,10
2021-09-21,St. James,0,Webb City,16
2021-09-21,Montrose,22,Summit Christian Academy,23
2021-09-21,Winston,7,Tri-County,3
2021-09-21,Francis Howell Central,3,Troy Buchanan,4
2021-09-21,Fort Osage,11,St. Charles,5
2021-09-21,Kelly,13,St. Clair,3
2021-09-21,Montgomery County,6,Van-Far,2
2021-09-21,Harrisonville,3,Warrensburg,13
2021-09-21,Lebanon,9,Waynesville,3
2021-09-21,Elsberry,15,Wellsville-Middletown,0
2021-09-21,DeKalb,3,West Platte,4
2021-09-21,Marceline,16,Westran,3
2021-09-21,Herculaneum,0,Windsor (Imperial),15
2021-09-21,Mark Twain,3,Wright City,6
2021-09-22,Vienna,10,Albany,9
2021-09-22,University City,9,Bayless,19
2021-09-22,Mid-Buchanan,10,Bishop LeBlond,1
2021-09-22,Louisiana,3,Clopton,13
2021-09-22,Affton,14,DeSoto,8
2021-09-22,Maryville,6,East Buchanan,9
2021-09-22,Fox,1,Farmington,4
2021-09-22,Francis Howell,1,Francis Howell Central,8
2021-09-22,Ft. Zumwalt North,11,Ft. Zumwalt East,5
2021-09-22,Winfield,5,Ft. Zumwalt South,1
2021-09-22,St. Joseph's Academy,0,Helias Catholic,16
2021-09-22,Fair Play,2,Hermitage,7
2021-09-22,Glasgow,8,Higbee,1
2021-09-22,Hannibal,0,Highland,14
2021-09-22,Logan-Rogersville,20,Hillcrest,3
2021-09-22,North County,1,Hillsboro,12
2021-09-22,Blair Oaks,13,Jefferson City,0
2021-09-22,Ozark,9,Kickapoo,1
2021-09-22,Liberty (Wentzville),7,Lafayette (Wildwood),10
2021-09-22,St. Pius X (Kansas City),0,Lawson,15
2021-09-22,Valley Park,15,Lutheran South,1
2021-09-22,Webster Groves,0,Marquette,11
2021-09-22,Hazelwood East,29,McCluer,2
2021-09-22,Chaffee,14,Naylor,9
2021-09-22,St. James,1,North Andrew,7
2021-09-22,Francis Howell North,16,North Point,1
2021-09-22,Harrisburg,5,North Shelby,8
2021-09-22,Pattonsburg,6,Northeast Nodaway,2
2021-09-22,Festus,1,Notre Dame (Cape Girardeau),13
2021-09-22,Kirkwood,7,Oakville,10
2021-09-22,Ladue Horton Watkins,1,Parkway North,14
2021-09-22,Parkway South,3,Parkway West,1
2021-09-22,Hazelwood West,10,Pattonville,7
2021-09-22,Halfway,8,Reeds Spring,2
2021-09-22,Parkview,0,Rolla,21
2021-09-22,North Platte,17,Savannah,18
2021-09-22,Eureka,6,Seckman,2
2021-09-22,Excelsior Springs,3,Smithville,4
2021-09-22,Wright City,13,St. Charles,2
2021-09-22,St. Joseph's Academy,18,St. Clair,1
2021-09-22,St. Teresa's Academy,14,St. Michael the Archangel,4
2021-09-22,Notre Dame (St. Louis),6,St. Pius X (Festus),8
2021-09-22,Warrenton,0,Washington,2
2021-09-22,Notre Dame de Sion,12,William Chrisman,4
2021-09-23,Ritenour,13,Affton,2
2021-09-23,Glendale,1,Bolivar,12
2021-09-23,Versailles,8,Boonville,9
2021-09-23,Van-Far,2,Bowling Green,9
2021-09-23,Neosho,19,Branson,4
2021-09-23,Pilot Grove,1,California,9
2021-09-23,Central (Springfield),0,Camdenton,15
2021-09-23,North Kansas City,1,Central (St. Joseph),7
2021-09-23,Sikeston,4,Chaffee,6
2021-09-23,Benton,0,Chillicothe,14
2021-09-23,Summit Christian Academy,7,Clinton,17
2021-09-23,Ursuline Academy,12,Cor Jesu Academy,2
2021-09-23,Newburg,1,Crocker,16
2021-09-23,Slater,11,Cuba,1
2021-09-23,Parkview,3,Dadeville,13
2021-09-23,Iberia,10,Dixon,2
2021-09-23,Salem,2,Dora,15
2021-09-23,Plattsburg,2,East Buchanan,17
2021-09-23,Weaubleau,12,Fair Play,1
2021-09-23,Mexico,4,Father Tolton,11
2021-09-23,Centralia,0,Fatima,6
2021-09-23,Harrisburg,0,Fayette,12
2021-09-23,Belton,2,Fort Osage,4
2021-09-23,Pattonville,2,Fox,15
2021-09-23,Ft. Zumwalt South,7,Francis Howell North,3
2021-09-23,North County,10,Fredericktown,11
2021-09-23,Holt,9,Ft. Zumwalt West,10
2021-09-23,Marshall,0,Fulton,7
2021-09-23,St. Charles,2,Grain Valley,5
2021-09-23,Southern Boone,9,Hallsville,2
2021-09-23,Canton,15,Hannibal,7
2021-09-23,Oak Grove,11,Harrisonville,6
2021-09-23,University City,1,Hazelwood West,14
2021-09-23,Climax Springs,0,Hermitage,15
2021-09-23,Clark County,5,Highland,4
2021-09-23,West Plains,11,Hillcrest,1
2021-09-23,Knob Noster,5,Holden,18
2021-09-23,Vienna,4,Jamestown,0
2021-09-23,Central (Cape Girardeau),16,Jefferson (Festus),1
2021-09-23,Grandview,0,Kearney,18
2021-09-23,Waynesville,1,Kickapoo,16
2021-09-23,Moberly,0,Kirksville,5
2021-09-23,Westran,2,Knox County,15
2021-09-23,Green City,0,La Plata,10
2021-09-23,Marquette,2,Lafayette (Wildwood),5
2021-09-23,Carrollton,3,Lafayette County,4
2021-09-23,Hartville,13,Laquey,3
2021-09-23,Lathrop,2,Lawson,6
2021-09-23,Rolla,16,Lebanon,0
2021-09-23,Blue Springs South,6,Lee's Summit West,2
2021-09-23,Richmond,7,Lexington,0
2021-09-23,Washington,11,Liberty (Wentzville),4
2021-09-23,Elsberry,8,Louisiana,3
2021-09-23,Westran,22,Macks Creek,0
2021-09-23,Community,12,Madison,3
2021-09-23,Scotland County,0,Marceline,10
2021-09-23,Wheatland,0,Marion C. Early,10
2021-09-23,Wellsville-Middletown,0,Mark Twain,15
2021-09-23,Clayton,22,McCluer,0
2021-09-23,Parkway North,10,Mehlville,3
2021-09-23,Bayless,16,Metro,0
2021-09-23,North Platte,3,Mid-Buchanan,5
2021-09-23,Putnam County,13,Milan,0
2021-09-23,Brookfield,7,Monroe City,3
2021-09-23,North Callaway,0,Montgomery County,10
2021-09-23,Doniphan,4,Neelyville,8
2021-09-23,Notre Dame (St. Louis),6,Nerinx Hall,4
2021-09-23,Marshfield,3,Nevada,6
2021-09-23,Eugene,3,New Bloomfield,4
2021-09-23,Worth County,0,New Franklin,17
2021-09-23,Webb City,14,New Haven,2
2021-09-23,Webb City,0,Nixa,9
2021-09-23,Schuyler County,19,Northeast (Cairo),3
2021-09-23,Gainesville,1,Norwood,3
2021-09-23,Jackson,4,Notre Dame (Cape Girardeau),6
2021-09-23,Meadville,14,Novinger,8
2021-09-23,Carl Junction,3,Ozark,13
2021-09-23,Owensville,0,Pacific,10
2021-09-23,Macon,2,Palmyra,3
2021-09-23,Schuyler County,9,Paris,3
2021-09-23,Lee's Summit,10,Park Hill South,6
2021-09-23,Northwest (Cedar Hill),6,Parkway West,10
2021-09-23,East Carter,4,Poplar Bluff,11
2021-09-23,William Chrisman,11,Raytown,1
2021-09-23,Smithville,19,Raytown South,1
2021-09-23,Joplin,1,Republic,2
2021-09-23,Hickman,0,Rock Bridge,1
2021-09-23,St. Joseph's Academy,2,Rockwood Summit,12
2021-09-23,St. Pius X (Festus),24,Rosati-Kain,2
2021-09-23,Bishop LeBlond,2,Savannah,11
2021-09-23,Monett,7,Seneca,19
2021-09-23,Clopton,2,Silex,3
2021-09-23,Capital City,6,Savannah,0
2021-09-23,Worth County,0,St. Elizabeth,1
2021-09-23,Hermann,16,St. Clair,9
2021-09-23,Union,5,St. James,0
2021-09-23,Incarnate Word Academy,5,St. Joseph's Academy,4
2021-09-23,Maryville,12,St. Pius X (Kansas City),0
2021-09-23,Oak Park,7,Staley,14
2021-09-23,Gallatin,11,Vienna,0
2021-09-23,McCluer North,15,STEAM Academy,0
2021-09-23,Troy Buchanan,8,Timberland,0
2021-09-23,Bakersfield,2,Van Buren,4
2021-09-23,Humansville,1,Walnut Grove,13
2021-09-23,Parkway Central,0,Webster Groves,10
2021-09-23,Penney,0,West Platte,10
2021-09-23,Carthage,2,Willard,0
2021-09-23,DeSoto,3,Windsor (Imperial),18
2021-09-23,Polo,14,Winston,1
2021-09-24,Linn County,0,Atlanta,10
2021-09-24,Metro,0,Bayless,7
2021-09-24,Holden,5,Belton,2
2021-09-24,Blair Oaks,10,Belton,0
2021-09-24,Liberty,14,Boonville,6
2021-09-24,Fort Osage,11,Boonville,7
2021-09-24,Troy Buchanan,2,Boonville,7
2021-09-24,Elsberry,1,Bowling Green,2
2021-09-24,Fair Play,14,Central (Springfield),13
2021-09-24,Sherwood,8,Centralia,1
2021-09-24,Warrensburg,8,Centralia,9
2021-09-24,Laquey,21,Climax Springs,3
2021-09-24,Lafayette County,2,Clinton,1
2021-09-24,McDonald County,16,Clinton,0
2021-09-24,Marion County,2,Clopton,10
2021-09-24,Waynesville,2,Dixon,5
2021-09-24,Cor Jesu Academy,0,Eureka,7
2021-09-24,Linn,1,Fatima,6
2021-09-24,Holt,0,Francis Howell,10
2021-09-24,St. Charles,0,Ft. Zumwalt North,3
2021-09-24,Rock Bridge,1,Grain Valley,5
2021-09-24,Kearney,0,Grain Valley,10
2021-09-24,Knob Noster,5,Harrisonville,4
2021-09-24,Raymore-Peculiar,11,Harrisonville,1
2021-09-24,Parkway Central,2,Hazelwood West,7
2021-09-24,Leeton,10,Hermitage,0
2021-09-24,Pleasant Hill,1,Hickman,5
2021-09-24,Timberland,7,Hickman,3
2021-09-24,Liberty North,12,Hickman,1
2021-09-24,Blair Oaks,7,Holden,1
2021-09-24,Wheatland,22,Humansville,5
2021-09-24,Versailles,9,Iberia,2
2021-09-24,Rock Bridge,12,Kearney,0
2021-09-24,Raymore-Peculiar,13,Knob Noster,0
2021-09-24,Clayton,6,Ladue Horton Watkins,21
2021-09-24,McDonald County,12,Lafayette County,1
2021-09-24,Troy Buchanan,2,Liberty,1
2021-09-24,Fort Osage,3,Liberty,4
2021-09-24,Dadeville,21,Macks Creek,6
2021-09-24,Lindbergh,2,Marquette,8
2021-09-24,California,2,Osage,0
2021-09-24,North Harrison,4,Pattonsburg,3
2021-09-24,Francis Howell North,7,Pattonville,3
2021-09-24,Northeast (Cairo),2,Pilot Grove,8
2021-09-24,Liberty North,5,Pleasant Hill,2
2021-09-24,Timberland,7,Pleasant Hill,2
2021-09-24,Wright City,13,Ritenour,3
2021-09-24,Novinger,0,Schuyler County,15
2021-09-24,Tuscumbia,2,Van-Far,3
2021-09-24,Weaubleau,7,Westran,10
2021-09-24,Liberty North,19,Timberland,5
2021-09-24,Fort Osage,5,Troy Buchanan,9
2021-09-24,Grain Valley,7,St. Charles,2
2021-09-24,Rock Bridge,9,St. Charles,1
2021-09-24,Kearney,2,St. Charles,7
2021-09-24,Winfield,7,Union,2
2021-09-24,Sherwood,3,Warrensburg,2
2021-09-24,Notre Dame (St. Louis),5,Westminster Christian Academy,8
2021-09-24,Marion C. Early,0,Willard,6
2021-09-25,Plattsburg,1,Albany,10
2021-09-25,Northeast Nodaway,10,Albany,0
2021-09-25,Willow Springs,8,Alton,4
2021-09-25,Norwood,6,Alton,5
2021-09-25,Smithville,11,Alton,9
2021-09-25,Bevier,1,Atlanta,18
2021-09-25,La Plata,8,Atlanta,1
2021-09-25,Linn County,0,Atlanta,10
2021-09-25,Naylor,9,Bakersfield,8
2021-09-25,Halfway,17,Bakersfield,0
2021-09-25,Harrisonville,2,Belton,14
2021-09-25,Warrensburg,1,Belton,11
2021-09-25,Linn County,11,Bevier,5
2021-09-25,Novinger,3,Bevier,18
2021-09-25,Sherwood,0,Blair Oaks,3
2021-09-25,Kearney,12,Boonville,5
2021-09-25,Pleasant Hill,3,Boonville,2
2021-09-25,Gallatin,9,Brookfield,0
2021-09-25,Penney,1,Cameron,15
2021-09-25,Schuyler County,1,Canton,2
2021-09-25,North Shelby,0,Canton,1
2021-09-25,Camdenton,0,Carthage,1
2021-09-25,McDonald County,8,Centralia,4
2021-09-25,Raymore-Peculiar,1,Centralia,3
2021-09-25,Princeton,8,Chillicothe,14
2021-09-25,Oak Grove,3,Chillicothe,8
2021-09-25,Savannah,5,Chillicothe,22
2021-09-25,Macon,1,Chillicothe,15
2021-09-25,Schuyler County,4,Clark County,1
2021-09-25,South Shelby,8,Clark County,5
2021-09-25,Harrisonville,9,Clinton,3
2021-09-25,Warrensburg,15,Clinton,1
2021-09-25,Van-Far,6,Clopton,3
2021-09-25,Knox County,5,Clopton,2
2021-09-25,Schuyler County,14,Community,1
2021-09-25,North Shelby,13,Community,5
2021-09-25,Vienna,12,Crocker,1
2021-09-25,Cuba,6,Crocker,5
2021-09-25,Vienna,18,Cuba,5
2021-09-25,Marshall,11,Dixon,1
2021-09-25,Iberia,6,Dixon,1
2021-09-25,Tuscumbia,4,Dixon,11
2021-09-25,Lutheran South,2,Doniphan,10
2021-09-25,Jackson,14,Doniphan,4
2021-09-25,Kelly,14,Doniphan,0
2021-09-25,Sikeston,19,Doniphan,1
2021-09-25,Neelyville,14,Dora,4
2021-09-25,Naylor,8,Dora,7
2021-09-25,Lutheran South,7,East Carter,6
2021-09-25,Mark Twain,2,Elsberry,5
2021-09-25,Silex,7,Elsberry,2
2021-09-25,Monroe City,4,Elsberry,7
2021-09-25,New Bloomfield,13,Eugene,0
2021-09-25,Webster Groves,2,Farmington,14
2021-09-25,Rolla,2,Farmington,7
2021-09-25,Liberty (Wentzville),3,Farmington,8
2021-09-25,St. Dominic,2,Father Tolton,6
2021-09-25,Sikeston,16,Festus,2
2021-09-25,Incarnate Word Academy,9,Festus,6
2021-09-25,St. Clair,4,Festus,12
2021-09-25,Lutheran South,3,Festus,6
2021-09-25,Wright City,5,Ft. Zumwalt North,9
2021-09-25,Ft. Zumwalt East,16,Ft. Zumwalt North,1
2021-09-25,Notre Dame (Cape Girardeau),5,Ft. Zumwalt West,10
2021-09-25,St. Clair,0,Ft. Zumwalt West,15
2021-09-25,Incarnate Word Academy,2,Ft. Zumwalt West,11
2021-09-25,Parkway South,0,Ft. Zumwalt West,10
2021-09-25,Norwood,5,Gainesville,6
2021-09-25,Willow Springs,9,Gainesville,4
2021-09-25,Van Buren,6,Gainesville,7
2021-09-25,North Platte,7,Gallatin,0
2021-09-25,Carl Junction,1,Glendale,12
2021-09-25,Rock Bridge,1,Grain Valley,12
2021-09-25,Neelyville,17,Halfway,2
2021-09-25,Willow Springs,6,Hartville,13
2021-09-25,Van Buren,1,Hartville,3
2021-09-25,Kearney,2,Hickman,12
2021-09-25,Pleasant Hill,1,Hickman,16
2021-09-25,McDonald County,3,Holden,2
2021-09-25,Raymore-Peculiar,9,Holden,8
2021-09-25,Lutheran South,0,Jackson,14
2021-09-25,Parkway South,3,Jackson,2
2021-09-25,Incarnate Word Academy,3,Jackson,13
2021-09-25,East Carter,1,Kelly,9
2021-09-25,Parkway South,9,Kelly,1
2021-09-25,Notre Dame (Cape Girardeau),7,Kelly,3
2021-09-25,Sherwood,11,Knob Noster,0
2021-09-25,Lafayette County,5,Knob Noster,6
2021-09-25,Silex,9,Knox County,2
2021-09-25,Mark Twain,0,Knox County,13
2021-09-25,Novinger,5,La Plata,15
2021-09-25,Blair Oaks,19,Lafayette County,0
2021-09-25,Grain Valley,6,Liberty,8
2021-09-25,Liberty North,14,Liberty,3
2021-09-25,Republic,10,Logan-Rogersville,3
2021-09-25,Monroe City,9,Louisiana,0
2021-09-25,Mark Twain,6,Louisiana,5
2021-09-25,Clopton,12,Louisiana,0
2021-09-25,Cameron,1,Macon,4
2021-09-25,Penney,2,Macon,6
2021-09-25,Savannah,5,Macon,3
2021-09-25,California,5,Marshall,0
2021-09-25,Versailles,15,Marshall,5
2021-09-25,Putnam County,15,Maryville,2
2021-09-25,Savannah,22,Maryville,0
2021-09-25,Penney,7,Maryville,12
2021-09-25,Princeton,13,Maryville,0
2021-09-25,Orchard Farm,15,McCluer North,0
2021-09-25,Blair Oaks,3,McDonald County,0
2021-09-25,North Platte,10,Milan,1
2021-09-25,St. Elizabeth,4,Milan,3
2021-09-25,Van-Far,0,Monroe City,10
2021-09-25,Warrenton,5,Montgomery County,6
2021-09-25,North Point,1,Montgomery County,11
2021-09-25,Pattonsburg,4,North Andrew,3
2021-09-25,Vienna,2,North Andrew,11
2021-09-25,Worth County,13,North Harrison,4
2021-09-25,St. Elizabeth,5,North Platte,3
2021-09-25,South Shelby,2,North Shelby,11
2021-09-25,St. James,1,Northeast Nodaway,11
2021-09-25,Smithville,2,Norwood,15
2021-09-25,Princeton,6,Oak Grove,7
2021-09-25,Putnam County,9,Oak Grove,2
2021-09-25,Cameron,8,Oak Grove,7
2021-09-25,Tuscumbia,2,Osage,5
2021-09-25,Iberia,12,Osage,1
2021-09-25,South Shelby,11,Paris,10
2021-09-25,Community,17,Paris,4
2021-09-25,East Carter,7,Parkway South,17
2021-09-25,Princeton,13,Penney,2
2021-09-25,Savannah,9,Putnam County,4
2021-09-25,Cameron,2,Putnam County,1
2021-09-25,Vienna,9,Richland,5
2021-09-25,Cuba,13,Richland,2
2021-09-25,Crocker,7,Richland,11
2021-09-25,Liberty North,5,Rock Bridge,4
2021-09-25,Liberty (Wentzville),1,Rolla,3
2021-09-25,Webster Groves,12,Rolla,2
2021-09-25,Van Buren,12,Smithville,3
2021-09-25,Incarnate Word Academy,19,Sikeston,1
2021-09-25,Notre Dame (Cape Girardeau),12,Sikeston,1
2021-09-25,Van-Far,0,Silex,15
2021-09-25,Eugene,1,Southern Boone,5
2021-09-25,New Bloomfield,8,Southern Boone,2
2021-09-25,Jefferson (Festus),0,Southern Boone,15
2021-09-25,Ritenour,2,St. Charles,8
2021-09-25,Union,3,St. Charles,22
2021-09-25,St. James,19,St. Clair,3
2021-09-25,Salem,13,St. Clair,3
2021-09-25,California,1,Van-Far,6
2021-09-25,Versailles,4,Van-Far,6
2021-09-25,Salem,3,St. James,17
2021-09-25,Troy Buchanan,10,Timberland,3
2021-09-25,North Platte,11,Trenton,4
2021-09-25,Milan,0,Trenton,9
2021-09-25,St. Elizabeth,8,Trenton,3
2021-09-25,Brookfield,1,Trenton,9
2021-09-25,Fort Osage,3,Troy Buchanan,6
2021-09-25,Timberland,6,St. Charles,4
2021-09-25,Fort Osage,14,St. Charles,2
2021-09-25,East Carter,15,St. Clair,0
2021-09-25,Notre Dame (Cape Girardeau),17,St. Clair,0
2021-09-25,North Point,0,Warrenton,20
2021-09-25,Lafayette (Wildwood),0,Washington,5
2021-09-25,Jefferson (Festus),14,Waynesville,11
2021-09-25,Eugene,4,Waynesville,3
2021-09-25,Liberty (Wentzville),8,Webster Groves,4
2021-09-25,La Plata,12,Westran,0
2021-09-25,Novinger,1,Westran,11
2021-09-25,Linn County,2,Westran,7
2021-09-25,Wright City,1,Winfield,13
2021-09-25,Ft. Zumwalt East,10,Winfield,7
2021-09-27,Alton,4,Bakersfield,2
2021-09-27,Riverview Gardens,1,Bayless,16
2021-09-27,New Haven,0,Belle,2
2021-09-27,Grain Valley,7,Belton,2
2021-09-27,Notre Dame de Sion,1,Benton,9
2021-09-27,West Platte,8,Bishop LeBlond,6
2021-09-27,Marshall,4,Boonville,7
2021-09-27,Marceline,16,Brookfield,4
2021-09-27,Capital City,11,Camdenton,0
2021-09-27,Clark County,3,Canton,4
2021-09-27,Nevada,1,Carthage,6
2021-09-27,South Shelby,0,Centralia,7
2021-09-27,Neelyville,5,Chaffee,10
2021-09-27,STEAM Academy,0,Clayton,26
2021-09-27,Macks Creek,21,Climax Springs,12
2021-09-27,Knob Noster,0,Clinton,4
2021-09-27,Mark Twain,7,Community,17
2021-09-27,Richland,22,Crocker,8
2021-09-27,Plattsburg,7,DeKalb,6
2021-09-27,St. Pius X (Festus),23,DeSoto,1
2021-09-27,Linn,3,Eldon,5
2021-09-27,Clopton,0,Elsberry,3
2021-09-27,Marion C. Early,17,Fair Play,0
2021-09-27,Windsor (Imperial),1,Farmington,15
2021-09-27,Owensville,0,Fatima,10
2021-09-27,Slater,4,Fayette,8
2021-09-27,Perryville,0,Festus,11
2021-09-27,Ft. Zumwalt West,11,Francis Howell Central,3
2021-09-27,Parkway South,17,Ft. Zumwalt East,5
2021-09-27,North Point,4,Ft. Zumwalt South,19
2021-09-27,Dora,6,Gainesville,7
2021-09-27,Raytown South,18,Grandview,3
2021-09-27,Atlanta,16,Green City,0
2021-09-27,Doniphan,2,Greenville,1
2021-09-27,Osage,4,Hallsville,14
2021-09-27,Gateway Science Charter,4,Hancock,19
2021-09-27,Cuba,15,Hermann,0
2021-09-27,Palmyra,10,Highland,0
2021-09-27,Jefferson (Festus),0,Hillsboro,21
2021-09-27,Central (Springfield),10,Humansville,17
2021-09-27,Ritenour,15,Incarnate Word Academy,12
2021-09-27,Aurora,1,Joplin,12
2021-09-27,Poplar Bluff,8,Kelly,3
2021-09-27,Mexico,4,Kirksville,5
2021-09-27,Marion County,4,La Plata,9
2021-09-27,Hazelwood West,0,Lafayette (Wildwood),10
2021-09-27,St. James,23,Laquey,2
2021-09-27,Lexington,0,Lathrop,15
2021-09-27,Gallatin,0,Lawson,15
2021-09-27,Staley,13,Lee's Summit,1
2021-09-27,Liberty North,4,Liberty,5
2021-09-27,Francis Howell North,11,Liberty (Wentzville),6
2021-09-27,Parkway North,6,Lindbergh,11
2021-09-27,Hillcrest,0,Marshfield,13
2021-09-27,Glendale,1,McDonald County,6
2021-09-27,Savannah,8,Mid-Buchanan,6
2021-09-27,Hannibal,1,Moberly,4
2021-09-27,Valley Park,18,Nerinx Hall,4
2021-09-27,Reeds Spring,0,Nixa,15
2021-09-27,Brentwood,6,Normandy Collaborative,11
2021-09-27,Fulton,14,North Callaway,1
2021-09-27,Park Hill South,19,North Kansas City,5
2021-09-27,East Buchanan,2,Northeast Nodaway,5
2021-09-27,Ursuline Academy,7,Notre Dame (St. Louis),3
2021-09-27,Central (St. Joseph),18,Oak Park,2
2021-09-27,Parkway West,7,Oakville,6
2021-09-27,Parkway Central,20,Orchard Farm,21
2021-09-27,West Plains,1,Ozark,6
2021-09-27,Madison,1,Paris,13
2021-09-27,Blue Springs South,16,Park Hill,7
2021-09-27,Chillicothe,19,Penney,2
2021-09-27,Excelsior Springs,4,Pleasant Hill,11
2021-09-27,Albany,0,Putnam County,10
2021-09-27,Blue Springs,5,Raymore-Peculiar,2
2021-09-27,Summit Christian Academy,0,Richmond,15
2021-09-27,Helias Catholic,0,Rock Bridge,4
2021-09-27,Kirkwood,0,Rockwood Summit,6
2021-09-27,Kearney,13,Ruskin,0
2021-09-27,Dixon,3,Salem,8
2021-09-27,Knox County,1,Schuyler County,11
2021-09-27,North Shelby,3,Schuyler County,4
2021-09-27,Mehlville,13,Seckman,7
2021-09-27,Holden,4,Sherwood,1
2021-09-27,Jackson,11,Sikeston,0
2021-09-27,Hickman,11,Savannah,10
2021-09-27,Oak Grove,0,Smithville,10
2021-09-27,Vienna,0,St. Elizabeth,10
2021-09-27,Iberia,4,Van-Far,5
2021-09-27,Fox,3,St. Joseph's Academy,4
2021-09-27,Odessa,17,St. Pius X (Kansas City),5
2021-09-27,Rolla,3,Webb City,2
2021-09-27,Hardin-Central,10,Tri-County,3
2021-09-27,Raytown,0,St. Charles,15
2021-09-27,Central (Cape Girardeau),3,St. Clair,6
2021-09-27,North County,12,Union,0
2021-09-27,Wellsville-Middletown,0,Van-Far,15
2021-09-27,Eugene,7,Vienna,1
2021-09-27,St. Clair,0,Warrenton,13
2021-09-27,St. Joseph's Academy,0,Webster Groves,2
2021-09-27,Bishop DuBourg,0,Westminster Christian Academy,10
2021-09-27,Macon,14,Westran,4
2021-09-27,Fort Osage,27,William Chrisman,9
2021-09-27,Van Buren,3,Willow Springs,1
2021-09-27,St. Dominic,13,Winfield,5
2021-09-27,Louisiana,4,Wright City,17
2021-09-28,Gallatin,12,Albany,3
2021-09-28,Doniphan,8,Alton,1
2021-09-28,Gateway Science Charter,4,Bayless,19
2021-09-28,Raytown,3,Belton,8
2021-09-28,Cameron,7,Benton,6
2021-09-28,Rosati-Kain,11,Bishop DuBourg,14
2021-09-28,Maryville,14,Bishop LeBlond,4
2021-09-28,California,0,Blair Oaks,13
2021-09-28,Liberty,1,Blue Springs,11
2021-09-28,Raymore-Peculiar,0,Blue Springs South,11
2021-09-28,Carthage,4,Branson,1
2021-09-28,Palmyra,6,Brookfield,2
2021-09-28,Southern Boone,1,Capital City,6
2021-09-28,Notre Dame (Cape Girardeau),16,Central (Cape Girardeau),1
2021-09-28,St. Pius X (Kansas City),0,Chillicothe,15
2021-09-28,Putnam County,7,Clark County,3
2021-09-28,Hazelwood East,8,Clayton,13
2021-09-28,Fair Play,20,Climax Springs,8
2021-09-28,Mark Twain,1,Clopton,11
2021-09-28,Hillsboro,12,Cor Jesu Academy,2
2021-09-28,Weaubleau,20,Dadeville,1
2021-09-28,Notre Dame (St. Louis),18,DeSoto,5
2021-09-28,Lathrop,3,East Buchanan,1
2021-09-28,Greenville,6,East Carter,16
2021-09-28,St. Dominic,5,Elsberry,3
2021-09-28,Kelly,1,Farmington,11
2021-09-28,Paris,0,Fayette,8
2021-09-28,Grain Valley,10,Fort Osage,0
2021-09-28,Troy Buchanan,6,Francis Howell,15
2021-09-28,Ft. Zumwalt East,6,Francis Howell North,7
2021-09-28,Sikeston,3,Fredericktown,2
2021-09-28,Liberty (Wentzville),7,Ft. Zumwalt South,13
2021-09-28,Timberland,3,Ft. Zumwalt West,10
2021-09-28,Kirksville,7,Fulton,4
2021-09-28,Hermitage,3,Halfway,13
2021-09-28,Marceline,19,Harrisburg,2
2021-09-28,Bakersfield,1,Hartville,14
2021-09-28,Atlanta,9,Higbee,0
2021-09-28,Central (Springfield),0,Hillcrest,10
2021-09-28,Francis Howell Central,15,Holt,3
2021-09-28,Fatima,7,Iberia,3
2021-09-28,Tuscumbia,5,Jamestown,14
2021-09-28,Cuba,20,Jefferson (Festus),4
2021-09-28,Carl Junction,1,Joplin,11
2021-09-28,Raytown South,0,Kearney,17
2021-09-28,Camdenton,1,Kickapoo,7
2021-09-28,Webster Groves,0,Kirkwood,7
2021-09-28,Carrollton,20,Knob Noster,5
2021-09-28,South Shelby,8,Knox County,4
2021-09-28,Novinger,1,La Plata,16
2021-09-28,Mehlville,17,Ladue Horton Watkins,0
2021-09-28,St. Joseph's Academy,5,Lafayette (Wildwood),4
2021-09-28,Bolivar,7,Lebanon,17
2021-09-28,Central (St. Joseph),11,Lee's Summit,9
2021-09-28,Liberty North,4,Lee's Summit North,13
2021-09-28,Park Hill,2,Lee's Summit West,11
2021-09-28,Holden,11,Leeton,1
2021-09-28,Grandview,2,Lexington,17
2021-09-28,Parkway West,9,Lindbergh,10
2021-09-28,Windsor (Imperial),5,Lutheran South,1
2021-09-28,Highland,0,Macon,7
2021-09-28,Canton,5,Marion County,1
2021-09-28,Rockwood Summit,1,Marquette,3
2021-09-28,Vienna,4,Maysville,20
2021-09-28,Bevier,1,Meadville,9
2021-09-28,Penney,3,Mid-Buchanan,4
2021-09-28,North Harrison,1,Milan,10
2021-09-28,Northeast (Cairo),0,Moberly,15
2021-09-28,Logan-Rogersville,10,Monett,0
2021-09-28,St. Clair,2,Naylor,3
2021-09-28,North County,10,Neelyville,7
2021-09-28,Savannah,0,Nevada,13
2021-09-28,Father Tolton,6,New Bloomfield,8
2021-09-28,St. James,5,New Haven,7
2021-09-28,STEAM Academy,14,Normandy Collaborative,13
2021-09-28,Louisiana,0,North Callaway,10
2021-09-28,Oak Park,8,North Kansas City,6
2021-09-28,Plattsburg,3,North Platte,13
2021-09-28,Pattonville,0,Northwest (Cedar Hill),14
2021-09-28,Clinton,2,Oak Grove,11
2021-09-28,Seckman,1,Oakville,16
2021-09-28,Harrisonville,14,Odessa,16
2021-09-28,Winfield,23,Orchard Farm,3
2021-09-28,Hermann,0,Owensville,15
2021-09-28,Willard,1,Ozark,5
2021-09-28,Staley,2,Park Hill South,5
2021-09-28,Fox,17,Parkway Central,3
2021-09-28,Eureka,7,Parkway South,4
2021-09-28,Madison,3,Pilot Grove,13
2021-09-28,Smithville,12,Platte County,10
2021-09-28,Cassville,14,Reeds Spring,2
2021-09-28,Nixa,7,Republic,6
2021-09-28,Macks Creek,0,Richland,21
2021-09-28,Lafayette County,3,Richmond,6
2021-09-28,Nerinx Hall,8,Ritenour,7
2021-09-28,Waynesville,1,Rolla,14
2021-09-28,Winnetonka,17,Ruskin,4
2021-09-28,Willow Springs,5,Salem,15
2021-09-28,Westran,2,Schuyler County,1
2021-09-28,North Andrew,5,Savannah,6
2021-09-28,Schuyler County,9,Scotland County,7
2021-09-28,Marshfield,16,Smithville,3
2021-09-28,Van-Far,1,Silex,14
2021-09-28,Eugene,11,Slater,8
2021-09-28,Herculaneum,1,St. Pius X (Festus),11
2021-09-28,Pacific,3,Webb City,8
2021-09-28,St. Clair,5,Union,15
2021-09-28,Hancock,0,Valley Park,17
2021-09-28,Eldon,0,Versailles,10
2021-09-28,Belle,0,Vienna,6
2021-09-28,Marion C. Early,11,Walnut Grove,0
2021-09-28,St. Teresa's Academy,0,Warrensburg,15
2021-09-28,Ft. Zumwalt North,2,Washington,12
2021-09-28,Neosho,0,Webb City,10
2021-09-28,Montgomery County,18,Wellsville-Middletown,0
2021-09-28,Parkview,0,West Plains,16
2021-09-28,Lawson,15,West Platte,3
2021-09-28,Parkway North,15,Westminster Christian Academy,4
2021-09-28,St. Charles,5,William Chrisman,4
2021-09-28,Mercer,4,Winston,5
2021-09-28,Princeton,10,Worth County,4
2021-09-28,Bowling Green,6,Wright City,3
2021-09-29,Seneca,16,Aurora,8
2021-09-29,Ladue Horton Watkins,10,Bishop DuBourg,13
2021-09-29,Park Hill South,3,Central (St. Joseph),6
2021-09-29,Riverview Gardens,2,Clayton,15
2021-09-29,Notre Dame de Sion,2,Excelsior Springs,3
2021-09-29,Oakville,6,Farmington,7
2021-09-29,Ritenour,2,Francis Howell North,7
2021-09-29,St. Pius X (Festus),7,Fredericktown,1
2021-09-29,Francis Howell,1,Ft. Zumwalt West,11
2021-09-29,Brashear,2,Green City,1
2021-09-29,McCluer North,20,Hazelwood East,13
2021-09-29,Helias Catholic,6,Hickman,3
2021-09-29,Seckman,4,Hillsboro,10
2021-09-29,Laquey,0,Iberia,16
2021-09-29,Mehlville,2,Kirkwood,5
2021-09-29,Lindbergh,0,Lafayette (Wildwood),12
2021-09-29,Holden,15,Lexington,2
2021-09-29,Blue Springs South,5,Liberty,1
2021-09-29,Monroe City,18,Louisiana,2
2021-09-29,Glendale,9,Marshfield,8
2021-09-29,STEAM Academy,4,McCluer,3
2021-09-29,McDonald County,4,Nevada,3
2021-09-29,Poplar Bluff,8,North County,5
2021-09-29,St. Teresa's Academy,26,Odessa,13
2021-09-29,St. Charles,16,Orchard Farm,1
2021-09-29,New Haven,0,Owensville,10
2021-09-29,St. James,2,Owensville,21
2021-09-29,Walnut Grove,15,Parkview,0
2021-09-29,Notre Dame (St. Louis),6,Parkway Central,5
2021-09-29,Staley,4,Platte County,1
2021-09-29,Harrisonville,0,Sherwood,7
2021-09-29,Kearney,13,Smithville,15
2021-09-29,DeSoto,7,St. Clair,8
2021-09-29,Parkway North,6,St. Dominic,3
2021-09-29,Washington,11,St. Joseph's Academy,1
2021-09-29,Dixon,5,Westran,3
2021-09-29,Incarnate Word Academy,10,Ursuline Academy,9
2021-09-29,Brentwood,2,Valley Park,16
2021-09-29,Lebanon,4,Versailles,8
2021-09-29,Lutheran South,11,Westminster Christian Academy,0
2021-09-29,Dora,11,Willow Springs,8
2021-09-30,Dora,8,Bakersfield,11
2021-09-30,St. James,14,Belle,8
2021-09-30,Maryville,6,Benton,7
2021-09-30,Kickapoo,16,Bolivar,2
2021-09-30,Wellsville-Middletown,0,Bowling Green,16
2021-09-30,Gateway Science Charter,16,Brentwood,5
2021-09-30,Boonville,1,California,2
2021-09-30,Hillcrest,1,Camdenton,3
2021-09-30,Branson,18,Carl Junction,1
2021-09-30,Richmond,5,Carrollton,6
2021-09-30,Aurora,3,Cassville,6
2021-09-30,Glendale,17,Central (Springfield),5
2021-09-30,Clark County,2,Centralia,9
2021-09-30,Macon,3,Chillicothe,13
2021-09-30,Van-Far,10,Crocker,0
2021-09-30,Dixon,3,Cuba,6
2021-09-30,St. Clair,0,Doniphan,4
2021-09-30,Neelyville,3,East Carter,2
2021-09-30,Oakville,0,Eureka,10
2021-09-30,Blair Oaks,6,Fatima,1
2021-09-30,Northwest (Cedar Hill),9,Fox,2
2021-09-30,Timberland,2,Francis Howell Central,7
2021-09-30,Francis Howell North,11,Ft. Zumwalt North,2
2021-09-30,Washington,13,Ft. Zumwalt South,1
2021-09-30,Worth County,1,Gallatin,3
2021-09-30,William Chrisman,0,Grain Valley,15
2021-09-30,Dadeville,0,Halfway,17
2021-09-30,Eldon,1,Hallsville,18
2021-09-30,Fulton,15,Hannibal,4
2021-09-30,Knox County,10,Harrisburg,11
2021-09-30,Affton,4,Hazelwood West,12
2021-09-30,Jamestown,16,Higbee,4
2021-09-30,Francis Howell,14,Holt,4
2021-09-30,Chaffee,1,Jackson,10
2021-09-30,Festus,16,Jefferson (Festus),6
2021-09-30,Willard,7,Joplin,3
2021-09-30,Lexington,0,Knob Noster,10
2021-09-30,Hancock,14,Ladue Horton Watkins,16
2021-09-30,Savannah,10,Lafayette (St. Joseph),7
2021-09-30,Blue Springs South,5,Liberty,1
2021-09-30,Blue Springs,6,Liberty North,11
2021-09-30,McDonald County,7,Logan-Rogersville,9
2021-09-30,Bishop DuBourg,1,Lutheran South,11
2021-09-30,Northeast (Cairo),18,Madison,12
2021-09-30,Elsberry,5,Mark Twain,2
2021-09-30,Tri-County,2,Mercer,12
2021-09-30,Lawson,1,Mid-Buchanan,2
2021-09-30,Louisiana,4,Montgomery County,19
2021-09-30,Nixa,6,Neosho,2
2021-09-30,McCluer North,17,Normandy Collaborative,0
2021-09-30,St. Elizabeth,10,North Andrew,0
2021-09-30,East Buchanan,5,North Platte,21
2021-09-30,South Shelby,2,North Shelby,8
2021-09-30,DeKalb,0,Northeast Nodaway,1
2021-09-30,Bishop LeBlond,3,Notre Dame de Sion,4
2021-09-30,Atlanta,13,Novinger,0
2021-09-30,Lee's Summit,16,Oak Park,1
2021-09-30,Pleasant Hill,10,Odessa,0
2021-09-30,St. Charles,16,Orchard Farm,1
2021-09-30,Westran,18,Paris,1
2021-09-30,Lee's Summit North,4,Park Hill,1
2021-09-30,Waynesville,14,Parkview,2
2021-09-30,Kirkwood,15,Parkway Central,4
2021-09-30,Incarnate Word Academy,11,Parkway North,10
2021-09-30,Marquette,10,Parkway South,1
2021-09-30,Lindbergh,12,Pattonville,4
2021-09-30,Lathrop,19,Penney,5
2021-09-30,DeSoto,1,Perryville,11
2021-09-30,New Franklin,7,Pilot Grove,4
2021-09-30,North Harrison,0,Polo,15
2021-09-30,Albany,0,Princeton,10
2021-09-30,Pattonsburg,0,Putnam County,11
2021-09-30,Lee's Summit West,5,Raymore-Peculiar,3
2021-09-30,Fort Osage,19,Raytown,1
2021-09-30,Hazelwood East,13,Riverview Gardens,0
2021-09-30,Cor Jesu Academy,0,Rockwood Summit,13
2021-09-30,Rock Bridge,11,Rolla,1
2021-09-30,Owensville,20,Salem,8
2021-09-30,Scotland County,2,Schuyler County,10
2021-09-30,North Callaway,1,Silex,9
2021-09-30,Ruskin,0,Smithville,15
2021-09-30,Union,5,St. Joseph's Academy,3
2021-09-30,Summit Christian Academy,11,St. Teresa's Academy,21
2021-09-30,North Kansas City,0,Staley,10
2021-09-30,Hartville,12,Westran,2
2021-09-30,Glasgow,3,Worth County,2
2021-09-30,Ft. Zumwalt West,0,Troy Buchanan,2
2021-09-30,Belton,2,St. Charles,7
2021-09-30,Laquey,1,Tuscumbia,9
2021-09-30,Community,4,Van-Far,6
2021-09-30,Southern Boone,3,Versailles,15
2021-09-30,Capital City,13,Vienna,0
2021-09-30,Oak Grove,17,Warrensburg,11
2021-09-30,Republic,2,Webb City,6
2021-09-30,Parkway West,5,Webster Groves,2
2021-09-30,Weaubleau,19,Wheatland,1
2021-09-30,Norwood,5,Willow Springs,7
2021-09-30,Warrenton,12,Winfield,5
2021-09-30,Kearney,12,Winnetonka,2
2021-09-30,Clopton,8,Wright City,3
2021-10-01,Linn,10,Belle,0
2021-10-01,Brashear,11,Bevier,0
2021-10-01,Republic,8,Bolivar,7
2021-10-01,Eldon,7,Bolivar,10
2021-10-01,Capital City,11,Bowling Green,0
2021-10-01,St. Joseph's Academy,2,Bowling Green,8
2021-10-01,St. Teresa's Academy,0,Branson,15
2021-10-01,Liberty,12,Camdenton,3
2021-10-01,Hickman,4,Central (St. Joseph),3
2021-10-01,St. Joseph's Academy,4,Central (St. Joseph),10
2021-10-01,Walnut Grove,17,Climax Springs,4
2021-10-01,Leeton,9,Dadeville,0
2021-10-01,Republic,7,Eldon,0
2021-10-01,Wheatland,14,Fair Play,2
2021-10-01,Humansville,15,Fair Play,6
2021-10-01,Ft. Zumwalt West,7,Francis Howell,3
2021-10-01,Winfield,1,Francis Howell Central,5
2021-10-01,Ft. Zumwalt North,2,Francis Howell North,11
2021-10-01,Elsberry,6,Ft. Zumwalt East,4
2021-10-01,Park Hill South,11,Glendale,2
2021-10-01,William Chrisman,0,Grain Valley,15
2021-10-01,Gainesville,1,Hartville,4
2021-10-01,Macks Creek,1,Hermitage,14
2021-10-01,Weaubleau,9,Hermitage,10
2021-10-01,St. Joseph's Academy,1,Hickman,5
2021-10-01,Sherwood,7,Hillcrest,0
2021-10-01,Wheatland,9,Humansville,8
2021-10-01,Poplar Bluff,10,Jefferson City,0
2021-10-01,Father Tolton,3,Jefferson City,7
2021-10-01,Fatima,5,Kickapoo,1
2021-10-01,West Plains,2,Lee's Summit North,12
2021-10-01,McDonald County,0,Lee's Summit North,10
2021-10-01,Blair Oaks,2,Lee's Summit West,3
2021-10-01,Savannah,5,Lee's Summit West,12
2021-10-01,Nixa,0,Liberty,6
2021-10-01,Hazelwood West,3,Liberty (Wentzville),8
2021-10-01,Kirkwood,3,Lindbergh,11
2021-10-01,La Plata,12,Linn County,2
2021-10-01,Seneca,3,Logan-Rogersville,12
2021-10-01,Willard,2,Logan-Rogersville,1
2021-10-01,Weaubleau,23,Macks Creek,0
2021-10-01,Salem,12,Madison,3
2021-10-01,Troy Buchanan,0,Marquette,1
2021-10-01,Clayton,6,McCluer North,13
2021-10-01,West Plains,2,McDonald County,17
2021-10-01,Cor Jesu Academy,2,Mehlville,12
2021-10-01,Dadeville,6,Montrose,4
2021-10-01,Leeton,13,Montrose,1
2021-10-01,Novinger,0,Northeast (Cairo),15
2021-10-01,Webb City,5,Park Hill South,4
2021-10-01,Parkway South,12,Parkway North,1
2021-10-01,Winfield,11,Parkway West,15
2021-10-01,Warrenton,1,Parkway West,8
2021-10-01,Father Tolton,6,Poplar Bluff,5
2021-10-01,Belton,8,Raytown,0
2021-10-01,Branson,12,Reeds Spring,1
2021-10-01,St. Teresa's Academy,18,Reeds Spring,11
2021-10-01,Westminster Christian Academy,2,Salem,4
2021-10-01,Rockwood Summit,11,Seckman,1
2021-10-01,Willard,13,Seneca,0
2021-10-01,Blair Oaks,10,Savannah,0
2021-10-01,Capital City,10,St. Joseph's Academy,0
2021-10-01,Hillsboro,19,St. Pius X (Festus),1
2021-10-01,Fatima,5,Webb City,3
2021-10-01,Ft. Zumwalt South,4,Timberland,1
2021-10-01,Neelyville,9,Van Buren,4
2021-10-01,Ursuline Academy,5,Warrenton,7
2021-10-01,St. Dominic,4,Webster Groves,8
2021-10-02,Schuyler County,1,Atlanta,4
2021-10-02,Canton,18,Atlanta,3
2021-10-02,Knox County,0,Atlanta,1
2021-10-02,North Platte,1,Benton,12
2021-10-02,St. Elizabeth,3,Benton,4
2021-10-02,St. Joseph's Academy,2,Bowling Green,8
2021-10-02,Blair Oaks,2,Bowling Green,0
2021-10-02,Father Tolton,0,Bowling Green,4
2021-10-02,New Franklin,15,Brashear,1
2021-10-02,South Shelby,5,Brashear,2
2021-10-02,Scotland County,5,Brookfield,6
2021-10-02,St. Teresa's Academy,2,Camdenton,13
2021-10-02,Lebanon,11,Cassville,1
2021-10-02,Father Tolton,4,Central (St. Joseph),12
2021-10-02,Blair Oaks,10,Central (St. Joseph),2
2021-10-02,St. Charles,3,Clopton,0
2021-10-02,Leeton,9,Dadeville,0
2021-10-02,Mid-Buchanan,10,DeKalb,3
2021-10-02,Plattsburg,4,DeKalb,8
2021-10-02,St. Elizabeth,4,East Buchanan,1
2021-10-02,DeKalb,1,East Buchanan,9
2021-10-02,Mid-Buchanan,7,East Buchanan,17
2021-10-02,St. Charles,0,Elsberry,12
2021-10-02,Clopton,1,Elsberry,8
2021-10-02,Parkway West,7,Francis Howell Central,2
2021-10-02,Slater,9,Fulton,10
2021-10-02,Sherwood,2,Glendale,8
2021-10-02,Hallsville,16,Hannibal,3
2021-10-02,Poplar Bluff,1,Hickman,4
2021-10-02,Lee's Summit West,14,Hickman,1
2021-10-02,Savannah,7,Jefferson City,10
2021-10-02,St. Joseph's Academy,12,Jefferson City,14
2021-10-02,Lee's Summit North,5,Kickapoo,0
2021-10-02,Scotland County,7,Knox County,10
2021-10-02,Montgomery County,4,La Plata,5
2021-10-02,South Shelby,3,La Plata,4
2021-10-02,Mid-Buchanan,0,Lafayette (St. Joseph),4
2021-10-02,St. Elizabeth,3,Lafayette (St. Joseph),5
2021-10-02,DeKalb,3,Lafayette (St. Joseph),5
2021-10-02,Savannah,10,Lafayette (St. Joseph),4
2021-10-02,Holden,14,Lafayette County,0
2021-10-02,Plattsburg,0,Lathrop,15
2021-10-02,Mid-Buchanan,10,Lathrop,6
2021-10-02,Excelsior Springs,8,Lawson,11
2021-10-02,North Kansas City,4,Lawson,8
2021-10-02,Odessa,6,Lawson,7
2021-10-02,Capital City,1,Lee's Summit West,8
2021-10-02,St. Michael the Archangel,1,Lexington,11
2021-10-02,Willard,0,Liberty,5
2021-10-02,North Callaway,1,Macon,16
2021-10-02,Kirksville,16,Marshall,0
2021-10-02,Winston,12,Mercer,3
2021-10-02,North Platte,6,Mid-Buchanan,10
2021-10-02,Plattsburg,15,Mid-Buchanan,1
2021-10-02,Canton,2,Monroe City,3
2021-10-02,Brookfield,3,Monroe City,7
2021-10-02,Knox County,4,Monroe City,8
2021-10-02,New Franklin,2,Montgomery County,4
2021-10-02,Leeton,13,Montrose,1
2021-10-02,South Shelby,11,New Franklin,0
2021-10-02,Excelsior Springs,14,North Kansas City,5
2021-10-02,Odessa,15,North Kansas City,4
2021-10-02,Excelsior Springs,10,Odessa,9
2021-10-02,Fatima,2,Park Hill South,10
2021-10-02,Bolivar,2,Park Hill South,11
2021-10-02,Ritenour,2,Parkway North,12
2021-10-02,Capital City,15,Poplar Bluff,4
2021-10-02,Plattsburg,0,Savannah,14
2021-10-02,Lathrop,1,Savannah,2
2021-10-02,Benton,4,Savannah,11
2021-10-02,Brookfield,1,Schuyler County,16
2021-10-02,St. Joseph's Academy,14,Savannah,8
2021-10-02,Capital City,10,St. Joseph's Academy,0
2021-10-02,St. Joseph's Academy,8,St. Joseph's Academy,7
2021-10-02,Nixa,2,Webb City,7
2021-10-02,La Plata,8,Trenton,7
2021-10-02,Montgomery County,5,Trenton,3
2021-10-02,Brashear,2,Trenton,6
2021-10-02,Lutheran South,2,Webster Groves,2
2021-10-02,Ursuline Academy,6,Winfield,9
2021-10-04,St. James,3,Albany,6
2021-10-04,North Shelby,1,Atlanta,2
2021-10-04,Nixa,17,Aurora,0
2021-10-04,Dixon,8,Belle,2
2021-10-04,William Chrisman,1,Belton,7
2021-10-04,Hickman,1,Blair Oaks,5
2021-10-04,Lee's Summit North,2,Blue Springs,0
2021-10-04,Liberty North,7,Blue Springs South,10
2021-10-04,Putnam County,10,Brookfield,5
2021-10-04,Palmyra,0,Canton,6
2021-10-04,Salem,0,Carrollton,11
2021-10-04,Lebanon,11,Cassville,1
2021-10-04,Neelyville,3,Central (Cape Girardeau),2
2021-10-04,North Callaway,1,Centralia,2
2021-10-04,Bishop LeBlond,0,Chillicothe,10
2021-10-04,Macon,17,Clark County,5
2021-10-04,Wellsville-Middletown,0,Community,15
2021-10-04,Gallatin,0,East Buchanan,7
2021-10-04,Naylor,8,East Carter,11
2021-10-04,Winfield,1,Elsberry,6
2021-10-04,Fatima,12,Eugene,2
2021-10-04,Pilot Grove,6,Fayette,8
2021-10-04,St. Charles,8,Fort Osage,18
2021-10-04,Jackson,13,Fox,0
2021-10-04,Francis Howell,7,Francis Howell North,1
2021-10-04,St. Charles,3,Ft. Zumwalt East,6
2021-10-04,Liberty (Wentzville),16,Ft. Zumwalt North,1
2021-10-04,Francis Howell Central,11,Ft. Zumwalt South,0
2021-10-04,Oakville,8,Ft. Zumwalt West,11
2021-10-04,Joplin,8,Glendale,7
2021-10-04,Raytown,0,Grain Valley,10
2021-10-04,Polo,10,Hardin-Central,2
2021-10-04,Capital City,6,Helias Catholic,2
2021-10-04,Bayless,7,Herculaneum,17
2021-10-04,Wright City,19,Hermann,0
2021-10-04,Tuscumbia,3,Iberia,17
2021-10-04,California,18,Jamestown,1
2021-10-04,Savannah,3,Jefferson City,5
2021-10-04,Jefferson (Festus),0,Kelly,13
2021-10-04,Hazelwood East,19,Ladue Horton Watkins,9
2021-10-04,Westran,17,Laquey,5
2021-10-04,North Kansas City,0,Lee's Summit,9
2021-10-04,Liberty,1,Lee's Summit West,2
2021-10-04,Montrose,0,Leeton,15
2021-10-04,Parkway South,10,Lindbergh,4
2021-10-04,Webb City,15,Lutheran South,0
2021-10-04,New Franklin,11,Madison,0
2021-10-04,Trenton,2,Marceline,12
2021-10-04,Hartville,3,Marion C. Early,7
2021-10-04,Versailles,2,Marshall,0
2021-10-04,Dadeville,2,Marshfield,15
2021-10-04,North Platte,15,Maryville,1
2021-10-04,Webb City,0,McDonald County,15
2021-10-04,Maysville,4,Mid-Buchanan,5
2021-10-04,Scotland County,2,Milan,12
2021-10-04,Fulton,6,Moberly,0
2021-10-04,Carthage,9,Monett,1
2021-10-04,Highland,5,Monroe City,6
2021-10-04,St. Joseph's Academy,11,New Haven,0
2021-10-04,Mercer,4,North Harrison,11
2021-10-04,La Plata,15,Northeast (Cairo),3
2021-10-04,Worth County,7,Northeast Nodaway,8
2021-10-04,Marquette,14,Northwest (Cedar Hill),5
2021-10-04,Poplar Bluff,6,Notre Dame (Cape Girardeau),2
2021-10-04,Holden,12,Oak Grove,0
2021-10-04,Mehlville,11,Orchard Farm,2
2021-10-04,Richland,4,Osage,3
2021-10-04,Cuba,2,Owensville,6
2021-10-04,Linn,6,Pacific,8
2021-10-04,Harrisburg,11,Paris,1
2021-10-04,Raymore-Peculiar,5,Park Hill,9
2021-10-04,Oak Park,1,Park Hill South,4
2021-10-04,Smithville,13,Parkview,2
2021-10-04,Ursuline Academy,2,Parkway West,12
2021-10-04,Parkway North,10,Pattonville,1
2021-10-04,St. Elizabeth,14,Penney,0
2021-10-04,Raytown South,0,Platte County,15
2021-10-04,Sherwood,0,Pleasant Hill,1
2021-10-04,Lathrop,14,Princeton,3
2021-10-04,Cameron,1,Richmond,3
2021-10-04,Webster Groves,2,Rockwood Summit,12
2021-10-04,Notre Dame (St. Louis),17,Rosati-Kain,0
2021-10-04,Summit Christian Academy,28,Ruskin,16
2021-10-04,Festus,2,Seckman,12
2021-10-04,North County,6,Sikeston,5
2021-10-04,Louisiana,3,South Shelby,13
2021-10-04,Salem,23,St. Clair,2
2021-10-04,Odessa,15,St. Michael the Archangel,0
2021-10-04,Perryville,12,St. Pius X (Festus),2
2021-10-04,Lexington,8,St. Pius X (Kansas City),4
2021-10-04,Central (St. Joseph),10,Staley,13
2021-10-04,Lafayette (St. Joseph),11,Vienna,0
2021-10-04,McCluer,16,STEAM Academy,11
2021-10-04,Washington,11,Timberland,6
2021-10-04,Linn County,8,Tri-County,4
2021-10-04,Greenville,1,St. Clair,5
2021-10-04,Alton,1,Van Buren,11
2021-10-04,Knob Noster,2,Warrensburg,12
2021-10-04,Bowling Green,4,Warrenton,5
2021-10-04,Crocker,1,Waynesville,6
2021-10-04,Kickapoo,6,West Plains,0
2021-10-04,North Andrew,5,West Platte,13
2021-10-04,Parkway Central,3,Westminster Christian Academy,4
2021-10-04,Bolivar,1,Willard,13
2021-10-04,Hillcrest,6,Willow Springs,7
2021-10-04,Hillsboro,4,Windsor (Imperial),1
2021-10-04,Smithville,15,Winnetonka,0
2021-10-05,Gainesville,7,Alton,2
2021-10-05,Norwood,6,Bakersfield,2
2021-10-05,Fort Osage,6,Belton,1
2021-10-05,Lafayette (St. Joseph),3,Benton,4
2021-10-05,Blue Springs South,7,Blue Springs,5
2021-10-05,Hancock,18,Brentwood,4
2021-10-05,Osage,0,California,7
2021-10-05,Paris,3,Canton,13
2021-10-05,Webb City,4,Carthage,10
2021-10-05,Farmington,11,Chaffee,0
2021-10-05,Putnam County,2,Chillicothe,1
2021-10-05,Bowling Green,10,Clopton,0
2021-10-05,Dixon,7,Crocker,0
2021-10-05,Jefferson (Festus),26,DeSoto,12
2021-10-05,Sikeston,3,East Carter,7
2021-10-05,Montgomery County,3,Elsberry,5
2021-10-05,Platte County,10,Excelsior Springs,8
2021-10-05,Humansville,7,Fair Play,17
2021-10-05,Helias Catholic,8,Fatima,7
2021-10-05,Washington,5,Francis Howell North,0
2021-10-05,Liberty (Wentzville),15,Ft. Zumwalt East,5
2021-10-05,Ft. Zumwalt South,0,Ft. Zumwalt West,7
2021-10-05,Boonville,4,Fulton,11
2021-10-05,Metro,2,Gateway Science Charter,20
2021-10-05,Winnetonka,19,Grandview,2
2021-10-05,Macks Creek,0,Halfway,15
2021-10-05,Centralia,8,Hallsville,17
2021-10-05,Kirksville,15,Hannibal,0
2021-10-05,Dora,7,Hartville,4
2021-10-05,New Bloomfield,20,Hermann,0
2021-10-05,Herculaneum,0,Hillsboro,15
2021-10-05,Richmond,0,Holden,1
2021-10-05,Capital City,2,Iberia,12
2021-10-05,Nerinx Hall,0,Incarnate Word Academy,8
2021-10-05,New Franklin,9,Jamestown,10
2021-10-05,Smithville,3,Kearney,4
2021-10-05,Hillcrest,0,Kickapoo,16
2021-10-05,Fox,12,Kirkwood,2
2021-10-05,Affton,23,Ladue Horton Watkins,6
2021-10-05,Oakville,8,Lafayette (Wildwood),7
2021-10-05,Knob Noster,2,Lafayette County,1
2021-10-05,Plattsburg,1,Lathrop,11
2021-10-05,North Platte,3,Lawson,8
2021-10-05,Glendale,6,Lebanon,3
2021-10-05,Park Hill South,13,Lee's Summit,3
2021-10-05,Raymore-Peculiar,2,Lee's Summit North,12
2021-10-05,Carrollton,15,Lexington,0
2021-10-05,Park Hill,5,Liberty,8
2021-10-05,Lee's Summit West,2,Liberty North,12
2021-10-05,Northwest (Cedar Hill),7,Lindbergh,0
2021-10-05,Versailles,10,Linn,5
2021-10-05,Milan,5,Linn County,2
2021-10-05,Marshfield,3,Logan-Rogersville,7
2021-10-05,Community,12,Louisiana,4
2021-10-05,Bevier,16,Madison,7
2021-10-05,Knox County,1,Marceline,16
2021-10-05,Eureka,8,Marquette,1
2021-10-05,Savannah,12,Maryville,0
2021-10-05,Albany,2,Maysville,14
2021-10-05,McCluer,1,McCluer North,16
2021-10-05,Monett,0,McDonald County,15
2021-10-05,Ritenour,4,Mehlville,12
2021-10-05,Moberly,5,Mexico,9
2021-10-05,West Platte,9,Mid-Buchanan,8
2021-10-05,Doniphan,9,Naylor,3
2021-10-05,Joplin,12,Neosho,5
2021-10-05,Aurora,0,Nevada,11
2021-10-05,Valley Park,12,New Haven,1
2021-10-05,Tuscumbia,19,Newburg,0
2021-10-05,Carl Junction,0,Nixa,10
2021-10-05,St. James,7,North Andrew,17
2021-10-05,Mark Twain,1,North Callaway,4
2021-10-05,Jackson,8,North County,0
2021-10-05,Winston,0,North Harrison,11
2021-10-05,Central (St. Joseph),18,North Kansas City,4
2021-10-05,Scotland County,6,North Shelby,5
2021-10-05,Bishop LeBlond,6,Northeast Nodaway,7
2021-10-05,Lutheran South,13,Notre Dame (St. Louis),1
2021-10-05,St. Michael the Archangel,7,Notre Dame de Sion,5
2021-10-05,Staley,15,Oak Park,1
2021-10-05,Marshall,3,Odessa,10
2021-10-05,Slater,13,Owensville,9
2021-10-05,Republic,2,Ozark,12
2021-10-05,Central (Springfield),12,Parkview,2
2021-10-05,Parkway Central,1,Parkway West,15
2021-10-05,East Buchanan,9,Penney,8
2021-10-05,Leeton,2,Pilot Grove,0
2021-10-05,Kelly,0,Poplar Bluff,6
2021-10-05,Pattonsburg,6,Princeton,8
2021-10-05,Ruskin,3,Raytown South,13
2021-10-05,Cuba,4,Richland,14
2021-10-05,Camdenton,0,Rolla,7
2021-10-05,Fayette,6,Schuyler County,4
2021-10-05,Westran,4,Schuyler County,10
2021-10-05,Reeds Spring,2,Seneca,17
2021-10-05,Northeast (Cairo),14,Salem,1
2021-10-05,Highland,3,South Shelby,0
2021-10-05,Blair Oaks,11,Southern Boone,0
2021-10-05,Vienna,7,Van-Far,3
2021-10-05,Webb City,5,St. Joseph's Academy,2
2021-10-05,Salem,8,St. James,6
2021-10-05,Hermitage,9,Westran,5
2021-10-05,Francis Howell Central,2,Timberland,1
2021-10-05,Brookfield,1,Trenton,4
2021-10-05,Holt,0,Troy Buchanan,15
2021-10-05,Grain Valley,12,St. Charles,1
2021-10-05,Parkway North,20,University City,1
2021-10-05,St. Clair,8,Van Buren,3
2021-10-05,Wright City,8,Van-Far,2
2021-10-05,Weaubleau,7,Walnut Grove,10
2021-10-05,Union,2,Warrenton,12
2021-10-05,Bolivar,9,Waynesville,3
2021-10-05,Pattonville,9,Webster Groves,6
2021-10-05,Silex,17,Wellsville-Middletown,0
2021-10-05,Climax Springs,6,Wheatland,14
2021-10-05,Branson,1,Willard,3
2021-10-05,Raytown,5,William Chrisman,15
2021-10-05,St. Charles,0,Winfield,4
2021-10-06,Fredericktown,4,Chaffee,14
2021-10-06,McCluer North,17,Clayton,7
2021-10-06,St. Joseph's Academy,5,Cor Jesu Academy,20
2021-10-06,St. James,2,DeKalb,12
2021-10-06,Lafayette (Wildwood),5,Eureka,9
2021-10-06,Sikeston,2,Farmington,12
2021-10-06,Capital City,1,Father Tolton,15
2021-10-06,Timberland,0,Francis Howell,6
2021-10-06,Holt,0,Francis Howell Central,13
2021-10-06,Belton,0,Grain Valley,10
2021-10-06,Lexington,13,Grandview,6
2021-10-06,Worth County,0,Harrisburg,15
2021-10-06,Southern Boone,12,Jefferson City,2
2021-10-06,Seckman,6,Kirkwood,3
2021-10-06,Meadville,7,La Plata,13
2021-10-06,Valley Park,1,Lindbergh,14
2021-10-06,Parkway West,1,Lutheran South,0
2021-10-06,Hancock,21,Metro,0
2021-10-06,Hannibal,3,Mexico,13
2021-10-06,Carl Junction,1,Nevada,16
2021-10-06,Perryville,0,Notre Dame (Cape Girardeau),5
2021-10-06,Harrisonville,6,Notre Dame de Sion,4
2021-10-06,Linn County,28,Novinger,18
2021-10-06,Warrenton,13,Orchard Farm,0
2021-10-06,Affton,0,Parkway North,11
2021-10-06,Mehlville,8,Pattonville,2
2021-10-06,Savannah,0,Rock Bridge,13
2021-10-06,Hillsboro,3,Rockwood Summit,7
2021-10-06,Westminster Christian Academy,1,St. Dominic,17
2021-10-06,St. Michael the Archangel,2,St. Pius X (Kansas City),12
2021-10-06,Pacific,3,Washington,14
2021-10-07,Princeton,10,Albany,0
2021-10-07,La Plata,1,Atlanta,2
2021-10-07,Laquey,4,Belle,11
2021-10-07,Lee's Summit North,0,Blue Springs South,1
2021-10-07,Green City,2,Brashear,10
2021-10-07,Hallsville,9,California,3
2021-10-07,Versailles,1,Capital City,5
2021-10-07,Holden,5,Carrollton,7
2021-10-07,Ozark,4,Carthage,5
2021-10-07,Seneca,9,Cassville,3
2021-10-07,Chaffee,11,Central (Cape Girardeau),1
2021-10-07,Smithville,16,Central (Springfield),4
2021-10-07,Oak Park,6,Central (St. Joseph),15
2021-10-07,Marion County,3,Community,4
2021-10-07,St. Clair,2,Cuba,12
2021-10-07,Gainesville,11,Dora,0
2021-10-07,Mid-Buchanan,21,East Buchanan,9
2021-10-07,Silex,2,Elsberry,4
2021-10-07,Windsor (Imperial),2,Festus,3
2021-10-07,William Chrisman,4,Fort Osage,14
2021-10-07,Lindbergh,2,Fox,11
2021-10-07,Ft. Zumwalt South,14,Francis Howell,7
2021-10-07,Washington,10,Ft. Zumwalt East,0
2021-10-07,Rock Bridge,17,Ft. Zumwalt West,7
2021-10-07,Mexico,4,Fulton,13
2021-10-07,St. Michael the Archangel,18,Grandview,3
2021-10-07,Summit Christian Academy,16,Grandview,1
2021-10-07,McCluer,4,Hazelwood East,18
2021-10-07,Mehlville,6,Hazelwood West,2
2021-10-07,St. James,20,Hermann,3
2021-10-07,Dadeville,8,Hermitage,12
2021-10-07,Warrensburg,2,Hickman,8
2021-10-07,Knox County,4,Highland,11
2021-10-07,Reeds Spring,1,Hillcrest,16
2021-10-07,Marquette,8,Hillsboro,0
2021-10-07,St. Joseph's Academy,2,Incarnate Word Academy,3
2021-10-07,Greenville,2,Jackson,13
2021-10-07,Neelyville,13,Jackson,3
2021-10-07,Waynesville,0,Joplin,12
2021-10-07,Notre Dame (Cape Girardeau),9,Kelly,0
2021-10-07,Parkway West,12,Kirkwood,6
2021-10-07,University City,6,Ladue Horton Watkins,13
2021-10-07,West Platte,0,Lathrop,5
2021-10-07,Blue Springs,2,Lee's Summit West,6
2021-10-07,Lafayette County,11,Lexington,6
2021-10-07,Park Hill,3,Liberty North,14
2021-10-07,Mercer,8,Linn County,6
2021-10-07,Kickapoo,15,Logan-Rogersville,5
2021-10-07,Mark Twain,9,Louisiana,2
2021-10-07,Humansville,23,Macks Creek,3
2021-10-07,Blair Oaks,6,Macon,2
2021-10-07,Fayette,0,Marceline,5
2021-10-07,Halfway,1,Marion C. Early,11
2021-10-07,Moberly,3,Marshall,2
2021-10-07,Schuyler County,7,Milan,0
2021-10-07,Nixa,10,Monett,3
2021-10-07,Rosati-Kain,0,Nerinx Hall,16
2021-10-07,Montgomery County,14,New Haven,2
2021-10-07,Richland,17,Newburg,2
2021-10-07,DeKalb,7,North Andrew,1
2021-10-07,Bowling Green,8,North Callaway,0
2021-10-07,Jefferson (Festus),1,North County,16
2021-10-07,Penney,6,North Platte,13
2021-10-07,Harrisburg,13,Northeast (Cairo),14
2021-10-07,Webster Groves,6,Northwest (Cedar Hill),8
2021-10-07,Odessa,2,Oak Grove,3
2021-10-07,Rockwood Summit,12,Oakville,8
2021-10-07,Van-Far,3,Osage,4
2021-10-07,Centralia,5,Palmyra,4
2021-10-07,Worth County,1,Paris,10
2021-10-07,North Kansas City,0,Park Hill South,15
2021-10-07,Fair Play,10,Parkview,14
2021-10-07,Pattonville,15,Parkway Central,2
2021-10-07,St. Joseph's Academy,16,Parkway Central,9
2021-10-07,Seckman,2,Parkway South,10
2021-10-07,Farmington,10,Perryville,0
2021-10-07,Kearney,0,Platte County,6
2021-10-07,Lawson,11,Plattsburg,1
2021-10-07,North Harrison,0,Putnam County,5
2021-10-07,Liberty,13,Raymore-Peculiar,2
2021-10-07,St. Charles,12,Raytown,0
2021-10-07,Willard,5,Republic,4
2021-10-07,Knob Noster,1,Richmond,3
2021-10-07,McCluer North,15,Riverview Gardens,1
2021-10-07,Brookfield,1,Schuyler County,0
2021-10-07,Canton,5,Scotland County,1
2021-10-07,Doniphan,11,Sikeston,2
2021-10-07,Camdenton,8,Savannah,1
2021-10-07,Ruskin,0,Smithville,15
2021-10-07,Jamestown,0,Slater,3
2021-10-07,Pattonsburg,0,St. Elizabeth,5
2021-10-07,Clark County,10,South Shelby,4
2021-10-07,Warrenton,4,St. Charles,2
2021-10-07,Timberland,11,St. Dominic,3
2021-10-07,Crocker,9,St. James,7
2021-10-07,Bayless,1,St. Pius X (Festus),16
2021-10-07,Excelsior Springs,12,St. Teresa's Academy,0
2021-10-07,Lee's Summit,1,Staley,11
2021-10-07,Tuscumbia,8,Westran,3
2021-10-07,Eureka,11,Webb City,8
2021-10-07,St. Michael the Archangel,11,Summit Christian Academy,4
2021-10-07,Cameron,7,Trenton,6
2021-10-07,Salem,0,Union,8
2021-10-07,Liberty (Wentzville),9,Ursuline Academy,5
2021-10-07,Iberia,10,Vienna,4
2021-10-07,Marshfield,11,Walnut Grove,4
2021-10-07,Wright City,21,Wellsville-Middletown,0
2021-10-07,Norwood,0,West Plains,13
2021-10-07,New Franklin,13,Westran,14
2021-10-07,Maysville,22,Worth County,0
2021-10-08,Reeds Spring,5,Bakersfield,0
2021-10-08,Helias Catholic,15,Belle,0
2021-10-08,Pacific,8,Belle,4
2021-10-08,Higbee,6,Bevier,10
2021-10-08,Jefferson City,0,Boonville,10
2021-10-08,McDonald County,9,Boonville,0
2021-10-08,Troy Buchanan,4,Bowling Green,0
2021-10-08,Clopton,1,Canton,4
2021-10-08,Kearney,0,Carthage,10
2021-10-08,Monett,0,Carthage,16
2021-10-08,Father Tolton,7,Cor Jesu Academy,3
2021-10-08,Newburg,2,Dixon,12
2021-10-08,Walnut Grove,1,Dora,17
2021-10-08,Smithville,7,Dora,11
2021-10-08,Helias Catholic,0,Francis Howell,6
2021-10-08,Belle,3,Francis Howell,13
2021-10-08,Pacific,1,Francis Howell,11
2021-10-08,Rolla,15,Ft. Zumwalt North,3
2021-10-08,Owensville,6,Ft. Zumwalt North,19
2021-10-08,Northwest (Cedar Hill),16,Ft. Zumwalt North,0
2021-10-08,Schuyler County,17,Green City,0
2021-10-08,Affton,3,Herculaneum,5
2021-10-08,St. Dominic,20,Holt,1
2021-10-08,Lutheran South,3,Incarnate Word Academy,13
2021-10-08,St. Pius X (Festus),13,Jefferson (Festus),0
2021-10-08,McDonald County,11,Jefferson City,1
2021-10-08,Hartville,1,Lebanon,12
2021-10-08,Lee's Summit North,5,Lee's Summit West,4
2021-10-08,North Point,1,Liberty (Wentzville),11
2021-10-08,Fair Play,16,Macks Creek,0
2021-10-08,Dadeville,3,Marion C. Early,18
2021-10-08,Brashear,8,Marion County,1
2021-10-08,Francis Howell Central,2,Marquette,5
2021-10-08,Kearney,14,Monett,3
2021-10-08,Father Tolton,7,Neosho,4
2021-10-08,Cor Jesu Academy,3,Neosho,18
2021-10-08,Ozark,6,Nevada,4
2021-10-08,Oak Park,1,Nevada,16
2021-10-08,Rolla,9,Northwest (Cedar Hill),1
2021-10-08,Owensville,2,Northwest (Cedar Hill),19
2021-10-08,Ozark,15,Oak Park,0
2021-10-08,Rolla,4,Owensville,0
2021-10-08,Helias Catholic,12,Pacific,1
2021-10-08,Hermitage,10,Parkview,0
2021-10-08,St. Joseph's Academy,16,Parkway Central,9
2021-10-08,St. Charles,4,Parkway North,9
2021-10-08,Ft. Zumwalt West,6,Parkway South,5
2021-10-08,Lee's Summit,10,Raymore-Peculiar,6
2021-10-08,Notre Dame de Sion,10,Raytown South,0
2021-10-08,Ursuline Academy,17,Rosati-Kain,0
2021-10-08,Lafayette (Wildwood),6,Seckman,0
2021-10-08,Walnut Grove,5,Smithville,15
2021-10-08,Kelly,9,Sikeston,4
2021-10-08,Fatima,5,Slater,1
2021-10-08,New Bloomfield,1,Van-Far,6
2021-10-08,Richland,15,Westran,7
2021-10-08,Father Tolton,5,Webb City,4
2021-10-08,Neosho,7,Webb City,6
2021-10-08,Cor Jesu Academy,7,Webb City,15
2021-10-08,Webster Groves,15,Union,0
2021-10-08,Willard,10,Union,0
2021-10-08,Timberland,9,Union,0
2021-10-08,Ft. Zumwalt East,1,Warrenton,5
2021-10-08,Francis Howell North,0,Washington,14
2021-10-08,Climax Springs,0,Weaubleau,15
2021-10-08,Willard,8,Webster Groves,2
2021-10-08,Timberland,9,Webster Groves,7
2021-10-08,Orchard Farm,4,Westminster Christian Academy,8
2021-10-08,Timberland,2,Willard,4
2021-10-09,Milan,10,Albany,0
2021-10-09,Princeton,6,Albany,5
2021-10-09,Chillicothe,5,Albany,2
2021-10-09,Reeds Spring,3,Aurora,9
2021-10-09,Doniphan,11,Aurora,0
2021-10-09,Cor Jesu Academy,12,Belle,2
2021-10-09,Maysville,6,Benton,4
2021-10-09,Bishop LeBlond,8,Benton,3
2021-10-09,St. Teresa's Academy,7,Benton,9
2021-10-09,Branson,11,Bolivar,1
2021-10-09,Nevada,10,Boonville,3
2021-10-09,Kearney,6,Boonville,7
2021-10-09,Ozark,3,Carthage,1
2021-10-09,McDonald County,5,Carthage,0
2021-10-09,Branson,5,Cassville,0
2021-10-09,Bolivar,7,Cassville,6
2021-10-09,St. Teresa's Academy,0,Central (St. Joseph),16
2021-10-09,Marceline,11,Central (St. Joseph),0
2021-10-09,Polo,2,Central (St. Joseph),18
2021-10-09,Maysville,10,Central (St. Joseph),4
2021-10-09,Gallatin,16,Chillicothe,6
2021-10-09,Weaubleau,13,Dadeville,3
2021-10-09,Humansville,3,Dadeville,9
2021-10-09,Reeds Spring,0,Doniphan,15
2021-10-09,Richmond,6,East Buchanan,1
2021-10-09,Savannah,10,East Buchanan,4
2021-10-09,Benton,4,East Buchanan,5
2021-10-09,Maryville,3,East Buchanan,8
2021-10-09,Notre Dame (Cape Girardeau),10,Eureka,12
2021-10-09,Father Tolton,4,Francis Howell,6
2021-10-09,Willard,3,Francis Howell,2
2021-10-09,Webster Groves,6,Ft. Zumwalt North,4
2021-10-09,Pacific,5,Ft. Zumwalt North,9
2021-10-09,Milan,4,Gallatin,10
2021-10-09,Wheatland,9,Hermitage,10
2021-10-09,Leeton,9,Hermitage,0
2021-10-09,Weaubleau,7,Humansville,4
2021-10-09,Oak Park,0,Jefferson City,14
2021-10-09,Monett,0,Jefferson City,9
2021-10-09,Rock Bridge,8,Kickapoo,3
2021-10-09,Marceline,8,Lafayette (St. Joseph),2
2021-10-09,Polo,5,Lafayette (St. Joseph),4
2021-10-09,Maryville,0,Lafayette (St. Joseph),7
2021-10-09,Bishop LeBlond,1,Lafayette (St. Joseph),13
2021-10-09,Sherwood,4,Lafayette County,2
2021-10-09,Mid-Buchanan,7,Lafayette County,5
2021-10-09,Penney,5,Lafayette County,6
2021-10-09,Oak Grove,2,Lafayette County,3
2021-10-09,Mid-Buchanan,7,Lathrop,3
2021-10-09,Penney,5,Lathrop,4
2021-10-09,Wheatland,0,Leeton,12
2021-10-09,Mexico,4,Macon,14
2021-10-09,Marceline,8,Maryville,0
2021-10-09,St. Teresa's Academy,10,Maryville,13
2021-10-09,Bishop LeBlond,2,Maysville,5
2021-10-09,Ozark,14,McDonald County,4
2021-10-09,Princeton,2,Mercer,1
2021-10-09,Sherwood,3,Mid-Buchanan,4
2021-10-09,Pattonsburg,7,Milan,0
2021-10-09,Oak Park,4,Monett,5
2021-10-09,Van Buren,0,Naylor,10
2021-10-09,Neelyville,19,Naylor,1
2021-10-09,Van Buren,6,Neelyville,10
2021-10-09,Helias Catholic,10,Neosho,0
2021-10-09,Timberland,11,Neosho,3
2021-10-09,Kearney,1,Nevada,2
2021-10-09,Helias Catholic,21,Northwest (Cedar Hill),3
2021-10-09,Timberland,7,Northwest (Cedar Hill),10
2021-10-09,St. Michael the Archangel,4,Notre Dame de Sion,5
2021-10-09,Mid-Buchanan,3,Oak Grove,4
2021-10-09,Lathrop,5,Oak Grove,10
2021-10-09,Sherwood,5,Oak Grove,3
2021-10-09,Centralia,5,Palmyra,4
2021-10-09,Princeton,1,Pattonsburg,3
2021-10-09,Sherwood,10,Penney,0
2021-10-09,St. Teresa's Academy,3,Polo,22
2021-10-09,Richmond,7,Polo,10
2021-10-09,La Plata,2,Putnam County,3
2021-10-09,Summit Christian Academy,14,Raytown South,7
2021-10-09,Bishop LeBlond,0,Richmond,5
2021-10-09,Willard,6,Rolla,4
2021-10-09,Father Tolton,3,Rolla,12
2021-10-09,Richmond,4,Savannah,5
2021-10-09,Marceline,13,Savannah,10
2021-10-09,Maysville,2,Savannah,10
2021-10-09,Pacific,2,Webb City,15
2021-10-09,Webster Groves,6,Webb City,7
2021-10-09,Belle,5,Union,4
2021-10-09,Kickapoo,5,Webb City,2
2021-10-09,Rock Bridge,8,Webb City,10
2021-10-09,Poplar Bluff,4,West Plains,5
2021-10-11,Greenville,10,Chaffee,11
2021-10-11,Newburg,4,Cuba,12
2021-10-11,Kelly,1,Jackson,4
2021-10-11,Halfway,18,Laquey,8
2021-10-11,Walnut Grove,16,Macks Creek,1
2021-10-11,Riverview Gardens,22,McCluer,17
2021-10-11,Alton,12,Norwood,6
2021-10-11,Southern Boone,17,Osage,0
2021-10-11,St. Pius X (Kansas City),15,Raytown South,5
2021-10-11,Fox,8,Rockwood Summit,9
2021-10-11,Van-Far,7,Slater,17
2021-10-11,Richland,15,Westran,7
2021-10-11,Washington,17,Union,1
2021-10-11,Hallsville,14,Versailles,3
2021-10-11,Marshfield,1,Willard,12
2021-10-11,Affton,2,Windsor (Imperial),16
2021-10-12,Van Buren,8,Alton,1
2021-10-12,Naylor,12,Bakersfield,0
2021-10-12,Richland,14,Crocker,3
2021-10-12,Westran,15,Newburg,3
2021-10-12,Fair Play,11,Dadeville,3
2021-10-12,Walnut Grove,15,Humansville,4
2021-10-12,Weaubleau,11,Montrose,1
2021-10-12,Macks Creek,2,Climax Springs,21
2021-10-12,Paris,10,Higbee,4
2021-10-12,Madison,6,Worth County,5
2021-10-12,Clopton,9,New Haven,0
2021-10-12,Community,11,Wellsville-Middletown,0
2021-10-12,Northeast Nodaway,2,St. James,3
2021-10-12,Pattonsburg,11,Tri-County,0
2021-10-12,Kelly,4,Smithville,0
2021-10-12,Chaffee,5,Greenville,8
2021-10-12,Hartville,5,Gainesville,1
2021-10-12,Eugene,6,Dixon,0
2021-10-12,Iberia,13,Laquey,1
2021-10-12,Linn,5,Belle,4
2021-10-12,Schuyler County,7,Slater,4
2021-10-12,New Bloomfield,10,North Callaway,0
2021-10-12,Montgomery County,6,Harrisburg,1
2021-10-12,Jefferson (Festus),15,Hermann,5
2021-10-12,Elsberry,15,Brentwood,0
2021-10-12,Bishop DuBourg,15,Gateway Science Charter,0
2021-10-12,Marceline,12,Brookfield,2
2021-10-12,Milan,5,Gallatin,4
2021-10-12,Lathrop,10,Bishop LeBlond,0
2021-10-12,Sherwood,15,Summit Christian Academy,0
2021-10-12,Lafayette County,15,Lexington,0
2021-10-12,Lawson,10,St. Michael the Archangel,1
2021-10-12,Carrollton,15,St. Pius X (Kansas City),5
2021-10-12,Doniphan,15,Hancock,0
2021-10-12,Fredericktown,5,Notre Dame (St. Louis),3
2021-10-12,Perryville,11,Bayless,0
2021-10-12,St. Pius X (Festus),11,Herculaneum,1
2021-10-12,Webb City,15,St. Clair,0
2021-10-12,Lutheran South,15,Cuba,4
2021-10-12,Logan-Rogersville,7,Reeds Spring,1
2021-10-12,Aurora,2,Salem,4
2021-10-12,Cassville,10,Monett,8
2021-10-12,Seneca,15,Willow Springs,0
2021-10-12,Hallsville,9,Wright City,2
2021-10-12,Centralia,9,Mexico,14
2021-10-12,Fulton,10,Moberly,0
2021-10-12,Bowling Green,0,Winfield,2
2021-10-12,Holden,5,Clinton,1
2021-10-12,Odessa,9,Oak Grove,5
2021-10-12,Pleasant Hill,5,Knob Noster,0
2021-10-12,Boonville,3,Notre Dame de Sion,4
2021-10-12,Chillicothe,11,Maryville,0
2021-10-12,Savannah,3,Cameron,0
2021-10-12,Kirksville,2,Benton,1
2021-10-12,Macon,6,Richmond,1
2021-10-12,Farmington,22,DeSoto,3
2021-10-12,Hillsboro,11,Central (Cape Girardeau),1
2021-10-12,Rockwood Summit,15,Affton,0
2021-10-12,Nerinx Hall,1,St. Joseph's Academy,12
2021-10-12,Washington,15,Cor Jesu Academy,0
2021-10-12,Webster Groves,4,Pacific,0
2021-10-12,Warrenton,15,Ladue Horton Watkins,0
2021-10-12,St. Charles,0,Hannibal,6
2021-10-12,Parkway North,10,North Point,0
2021-10-12,Ft. Zumwalt East,6,Parkway Central,0
2021-10-12,Capital City,15,Union,0
2021-10-12,Camdenton,1,Marshfield,2
2021-10-12,Rolla,6,Bolivar,2
2021-10-12,West Plains,1,Jefferson City,4
2021-10-12,McDonald County,18,Parkview,0
2021-10-12,Willard,8,Carl Junction,0
2021-10-12,Harrisonville,14,Raytown South,4
2021-10-12,Warrensburg,22,Grandview,0
2021-10-12,St. Teresa's Academy,18,Ruskin,8
2021-10-12,Smithville,16,Winnetonka,1
2021-10-12,Lafayette (St. Joseph),1,Excelsior Springs,2
2021-10-12,Platte County,19,William Chrisman,3
2021-10-12,Kearney,10,Marshall,0
2021-10-12,Jackson,11,Seckman,1
2021-10-12,Notre Dame (Cape Girardeau),4,Fox,1
2021-10-12,Oakville,8,Lindbergh,6
2021-10-12,Poplar Bluff,3,Mehlville,1
2021-10-12,Eureka,10,Waynesville,0
2021-10-12,Parkway South,11,Northwest (Cedar Hill),1
2021-10-12,Marquette,10,Lebanon,0
2021-10-12,Lafayette (Wildwood),8,Kirkwood,0
2021-10-12,Francis Howell North,11,Hazelwood West,1
2021-10-12,Parkway West,9,Ritenour,1
2021-10-12,Francis Howell,15,Pattonville,0
2021-10-12,Troy Buchanan,7,Ft. Zumwalt North,0
2021-10-12,St. Dominic,0,Ft. Zumwalt South,7
2021-10-12,Ft. Zumwalt West,0,Holt,6
2021-10-12,Timberland,6,Liberty (Wentzville),4
2021-10-12,Blue Springs South,10,Savannah,0
2021-10-12,Blue Springs,0,Helias Catholic,1
2021-10-12,Grain Valley,3,Hickman,0
2021-10-12,Nixa,15,Central (Springfield),0
2021-10-12,Kickapoo,1,Carthage,5
2021-10-12,Ozark,9,Glendale,3
2021-10-12,Republic,6,Joplin,4
2021-10-12,Lee's Summit North,15,Raytown,0
2021-10-12,Fort Osage,5,Lee's Summit,7
2021-10-12,Lee's Summit West,3,Belton,0
2021-10-12,Raymore-Peculiar,1,St. Charles,17
2021-10-12,Staley,16,North Kansas City,1
2021-10-12,Central (St. Joseph),2,Park Hill South,1
2021-10-12,Liberty North,10,Oak Park,0
2021-10-12,Liberty,8,Park Hill,3
2021-10-12,Riverview Gardens,22,McCluer,17
2021-10-13,Neelyville,14,Van Buren,4
2021-10-13,East Carter,8,Naylor,7
2021-10-13,Vienna,18,Climax Springs,3
2021-10-13,Van-Far,10,Tuscumbia,0
2021-10-13,Glasgow,4,Salem,3
2021-10-13,Silex,2,Clopton,1
2021-10-13,Van-Far,6,Community,4
2021-10-13,Kelly,14,St. Clair,0
2021-10-13,Hartville,5,Greenville,14
2021-10-13,Fayette,5,Schuyler County,7
2021-10-13,New Bloomfield,5,Montgomery County,1
2021-10-13,Valley Park,19,Jefferson (Festus),5
2021-10-13,Elsberry,8,Bishop DuBourg,0
2021-10-13,St. Elizabeth,9,Penney,3
2021-10-13,Putnam County,4,Trenton,0
2021-10-13,East Buchanan,4,West Platte,3
2021-10-13,North Platte,16,Plattsburg,6
2021-10-13,Sherwood,4,Lafayette County,3
2021-10-13,Lawson,5,Carrollton,6
2021-10-13,Orchard Farm,15,Normandy Collaborative,0
2021-10-13,Westminster Christian Academy,15,Metro,0
2021-10-13,Ursuline Academy,5,St. Joseph's Academy,3
2021-10-13,Owensville,12,St. James,3
2021-10-13,Blair Oaks,13,Eldon,0
2021-10-13,Father Tolton,3,Southern Boone,4
2021-10-13,Fatima,11,Osage,2
2021-10-13,Versailles,10,California,1
2021-10-13,Hallsville,13,Mexico,8
2021-10-13,Fulton,11,Winfield,1
2021-10-13,Holden,10,Odessa,6
2021-10-13,Pleasant Hill,13,Notre Dame de Sion,0
2021-10-13,North County,4,Festus,7
2021-10-13,Windsor (Imperial),6,Sikeston,3
2021-10-13,Rockwood Summit,13,St. Joseph's Academy,0
2021-10-13,Washington,11,Webster Groves,6
2021-10-13,Clayton,7,Rosati-Kain,19
2021-10-13,McCluer North,20,Riverview Gardens,3
2021-10-13,Hazelwood East,15,McCluer,2
2021-10-13,Warrenton,10,Hannibal,0
2021-10-13,Parkway North,9,Ft. Zumwalt East,1
2021-10-13,Capital City,6,Marshfield,1
2021-10-13,Rolla,11,Jefferson City,2
2021-10-13,Neosho,6,Branson,5
2021-10-13,Webb City,14,Hillcrest,1
2021-10-13,Nevada,10,Harrisonville,3
2021-10-13,Warrensburg,12,St. Teresa's Academy,2
2021-10-13,Eureka,5,Parkway South,6
2021-10-13,Marquette,3,Lafayette (Wildwood),1
2021-10-13,Francis Howell Central,7,Francis Howell North,5
2021-10-13,Parkway West,0,Francis Howell,11
2021-10-13,Troy Buchanan,5,Ft. Zumwalt South,1
2021-10-13,Timberland,9,Holt,1
2021-10-13,Blue Springs South,1,Helias Catholic,0
2021-10-13,Grain Valley,5,Rock Bridge,3
2021-10-13,Staley,6,Central (St. Joseph),7
2021-10-13,Liberty North,6,Liberty,5
2021-10-14,Dora,13,Richland,9
2021-10-14,Norwood,15,Westran,14
2021-10-14,Marion C. Early,18,Fair Play,0
2021-10-14,Halfway,16,Walnut Grove,15
2021-10-14,Leeton,3,Weaubleau,0
2021-10-14,Wheatland,5,Hermitage,12
2021-10-14,New Franklin,10,Glasgow,0
2021-10-14,Pilot Grove,10,Jamestown,0
2021-10-14,Westran,11,Paris,1
2021-10-14,Northeast (Cairo),9,Madison,3
2021-10-14,Canton,15,Knox County,0
2021-10-14,North Shelby,4,Scotland County,0
2021-10-14,Knox County,1,Marion County,0
2021-10-14,Green City,15,Novinger,6
2021-10-14,Atlanta,11,Meadville,0
2021-10-14,Linn County,3,Bevier,2
2021-10-14,Maysville,11,Winston,0
2021-10-14,Polo,7,DeKalb,1
2021-10-14,North Andrew,13,St. James,6
2021-10-14,Pattonsburg,6,Albany,0
2021-10-14,Princeton,9,Mercer,4
2021-10-14,Worth County,5,North Harrison,0
2021-10-14,Kelly,7,Greenville,0
2021-10-14,Iberia,3,Linn,0
2021-10-14,New Bloomfield,4,Schuyler County,2
2021-10-14,Clark County,10,South Shelby,4
2021-10-14,Palmyra,10,Louisiana,0
2021-10-14,Highland,6,Mark Twain,0
2021-10-14,Marceline,11,Milan,1
2021-10-14,St. Elizabeth,3,Putnam County,4
2021-10-14,Mid-Buchanan,12,East Buchanan,7
2021-10-14,Lathrop,19,North Platte,17
2021-10-14,Logan-Rogersville,12,Salem,2
2021-10-14,Cassville,8,Seneca,1
2021-10-14,Blair Oaks,14,Southern Boone,1
2021-10-14,Fatima,6,Versailles,3
2021-10-14,Holden,3,Pleasant Hill,2
2021-10-14,Chillicothe,1,Savannah,0
2021-10-14,Kirksville,2,Macon,1
2021-10-14,McDonald County,13,Neosho,2
2021-10-14,Willard,3,Webb City,6
2021-10-14,Smithville,1,Excelsior Springs,11
2021-10-14,Platte County,13,Kearney,4
2021-10-14,Jackson,1,Notre Dame (Cape Girardeau),3
2021-10-14,Marquette,0,Parkway South,4
2021-10-14,Nixa,5,Carthage,3
2021-10-14,Ozark,4,Republic,3
2021-10-14,Lee's Summit North,6,Lee's Summit,1
2021-10-14,Lee's Summit West,1,St. Charles,0
2021-10-14,Liberty North,8,Central (St. Joseph),4
2021-10-15,Vienna,3,Van-Far,5
2021-10-15,New Franklin,4,Pilot Grove,3
2021-10-15,La Plata,15,Green City,0
2021-10-15,Schuyler County,6,Brashear,5
2021-10-15,Atlanta,11,Linn County,2
2021-10-15,Monroe City,2,Clark County,6
2021-10-15,Palmyra,2,Highland,3
2021-10-15,Doniphan,10,Fredericktown,0
2021-10-15,Perryville,11,St. Pius X (Festus),1
2021-10-15,Webb City,17,Ursuline Academy,7
2021-10-15,Lutheran South,2,Owensville,8
2021-10-15,Logan-Rogersville,8,Cassville,4
2021-10-15,Farmington,15,Festus,0
2021-10-15,Hillsboro,12,Windsor (Imperial),0
2021-10-15,Incarnate Word Academy,18,McCluer North,1
2021-10-15,Incarnate Word Academy,20,Rosati-Kain,0
2021-10-15,McCluer North,15,Hazelwood East,14
2021-10-15,Capital City,0,Rolla,3
2021-10-15,McDonald County,2,Webb City,3
2021-10-15,Nevada,11,Warrensburg,1
2021-10-15,Blue Springs South,9,Grain Valley,7
2021-10-15,Lee's Summit North,0,Lee's Summit West,1
2021-10-16,Neelyville,4,East Carter,10
2021-10-16,Dora,10,Norwood,11
2021-10-16,Marion C. Early,11,Halfway,1
2021-10-16,Leeton,10,Hermitage,0
2021-10-16,Westran,1,Northeast (Cairo),18
2021-10-16,Silex,14,Van-Far,4
2021-10-16,Canton,5,North Shelby,2
2021-10-16,La Plata,4,Schuyler County,1
2021-10-16,Maysville,6,Polo,5
2021-10-16,North Andrew,13,Vienna,2
2021-10-16,Princeton,8,Worth County,1
2021-10-16,Valley Park,0,Elsberry,11
2021-10-16,Highland,3,Clark County,7
2021-10-16,Marceline,7,Putnam County,2
2021-10-16,Mid-Buchanan,6,Lathrop,1
2021-10-16,Sherwood,1,Carrollton,0
2021-10-16,Doniphan,6,Perryville,7
2021-10-16,Webb City,10,Owensville,3
2021-10-16,Blair Oaks,11,Fatima,3
2021-10-16,Hallsville,5,Fulton,12
2021-10-16,Chillicothe,2,Kirksville,1
2021-10-16,Farmington,4,Hillsboro,2
2021-10-16,Rockwood Summit,4,Washington,8
2021-10-16,Warrenton,6,Parkway North,4
2021-10-16,Platte County,9,Excelsior Springs,4
2021-10-16,Oakville,7,Poplar Bluff,11
2021-10-16,Francis Howell Central,8,Francis Howell,7
2021-10-16,Troy Buchanan,4,Timberland,0
2021-10-16,Nixa,4,Ozark,3
2021-10-18,Poplar Bluff,6,Notre Dame (Cape Girardeau),5
2021-10-18,Van-Far,3,Clopton,7
2021-10-20,Norwood,0,East Carter,10
2021-10-20,Leeton,7,Marion C. Early,4
2021-10-20,North Andrew,0,Maysville,15
2021-10-20,Princeton,8,Pattonsburg,15
2021-10-20,New Franklin,10,Van-Far,11
2021-10-20,Silex,10,Northeast (Cairo),0
2021-10-20,La Plata,1,Canton,0
2021-10-20,Iberia,2,Kelly,1
2021-10-20,Sherwood,5,Mid-Buchanan,1
2021-10-20,Elsberry,6,New Bloomfield,7
2021-10-20,Marceline,3,Clark County,1
2021-10-20,Chillicothe,11,Holden,0
2021-10-20,Logan-Rogersville,0,Webb City,7
2021-10-20,Fulton,1,Blair Oaks,6
2021-10-21,Washington,6,Farmington,1
2021-10-21,Platte County,10,Nevada,0
2021-10-21,Warrenton,2,Incarnate Word Academy,3
2021-10-21,Webb City,9,Rolla,10
2021-10-21,Parkway South,3,Poplar Bluff,2
2021-10-21,Liberty North,3,Lee's Summit West,4
2021-10-21,Troy Buchanan,2,Francis Howell Central,3
2021-10-21,Nixa,2,Blue Springs South,6
2021-10-23,Leeton,3,East Carter,6
2021-10-23,Pattonsburg,1,Maysville,12
2021-10-23,Silex,3,Van-Far,7
2021-10-23,Atlanta,1,La Plata,3
2021-10-29,Van-Far,8,East Carter,7
2021-10-29,Maysville,21,East Carter,4
2021-10-29,La Plata,3,Van-Far,1
2021-10-29,Sherwood,2,Iberia,0
2021-10-29,Marceline,10,New Bloomfield,4
2021-10-29,Blair Oaks,4,Webb City,0
2021-10-29,Rolla,0,Washington,11
2021-10-29,Incarnate Word Academy,5,Platte County,12
2021-10-29,Platte County,0,Washington,10
2021-10-29,Rolla,9,Incarnate Word Academy,4
2021-10-29,Francis Howell Central,5,Lee's Summit West,6
2021-10-29,Blue Springs South,12,Parkway South,3
2021-10-29,Lee's Summit West,19,Parkway South,1
2021-10-29,Blue Springs South,11,Francis Howell Central,15
2021-10-30,La Plata,0,Maysville,4
2021-10-30,Marceline,4,Sherwood,1
2021-10-30,New Bloomfield,13,Iberia,4
2021-10-30,Blair Oaks,3,Chillicothe,2
2021-10-30,Webb City,5,Perryville,0
2021-10-30,Chillicothe,3,Perryville,1
